Age,Sex,ChestPainType,RestingBP,Cholesterol,FastingBS,RestingECG,MaxHR,ExerciseAngina,Oldpeak,ST_Slope,HeartDisease
0.2448979591836734,1,1,0.5714285714285715,0.5579150579150579,0,1,0.7841726618705036,0,0.3333333333333333,2,0
0.4285714285714285,0,2,0.761904761904762,0.3474903474903475,0,1,0.6690647482014389,0,0.5,1,1
0.18367346938775508,1,1,0.47619047619047616,0.5463320463320464,0,2,0.2517985611510792,0,0.3333333333333333,2,0
0.40816326530612246,0,0,0.5523809523809525,0.41312741312741313,0,1,0.32374100719424465,1,0.5833333333333333,1,1
0.5306122448979591,1,2,0.6666666666666666,0.3764478764478765,0,1,0.42446043165467634,0,0.3333333333333333,2,0
0.22448979591836726,1,2,0.38095238095238104,0.6544401544401545,0,1,0.7697841726618706,0,0.3333333333333333,2,0
0.346938775510204,0,1,0.47619047619047616,0.45752895752895756,0,1,0.7697841726618706,0,0.3333333333333333,2,0
0.5306122448979591,1,1,0.2857142857142857,0.4015444015444016,0,1,0.5683453237410072,0,0.3333333333333333,2,0
0.18367346938775508,1,0,0.5714285714285715,0.39961389961389965,0,1,0.4820143884892087,1,0.5833333333333333,1,1
0.40816326530612246,0,1,0.38095238095238104,0.5482625482625483,0,1,0.4100719424460432,0,0.3333333333333333,2,0
0.18367346938775508,0,2,0.47619047619047616,0.40733590733590735,0,1,0.5683453237410072,0,0.3333333333333333,2,0
0.6122448979591837,1,1,0.5333333333333333,0.31660231660231664,0,2,0.2589928057553957,1,0.6666666666666666,1,1
0.22448979591836726,1,1,0.38095238095238104,0.3938223938223938,0,1,0.5899280575539567,0,0.3333333333333333,2,0
0.4285714285714285,1,0,0.5714285714285715,0.4517374517374517,0,1,0.553956834532374,1,0.5,1,1
0.2857142857142857,0,2,0.33333333333333337,0.40733590733590735,0,2,0.5323741007194245,0,0.3333333333333333,2,0
0.5306122448979591,0,1,0.38095238095238104,0.5270270270270271,0,1,0.6258992805755395,0,0.5833333333333333,1,0
0.20408163265306123,1,0,0.2857142857142857,0.3783783783783784,0,1,0.7410071942446044,0,0.3333333333333333,1,1
0.30612244897959184,0,1,0.38095238095238104,0.38803088803088803,0,1,0.7338129496402879,0,0.3333333333333333,2,0
0.6530612244897958,1,0,0.19047619047619047,0.47876447876447875,0,1,0.44604316546762596,0,0.5,1,1
0.16326530612244894,1,1,0.38095238095238104,0.5154440154440154,0,1,0.6978417266187049,0,0.8333333333333333,1,1
0.30612244897959184,0,3,0.19047619047619047,0.43050193050193053,0,1,0.5683453237410072,0,0.3333333333333333,2,0
0.3265306122448979,1,1,0.38095238095238104,0.3552123552123552,0,1,0.5683453237410072,0,0.5,1,0
0.4285714285714285,0,1,0.419047619047619,0.38803088803088803,0,1,0.7266187050359711,0,0.3333333333333333,2,0
0.3265306122448979,1,1,0.6666666666666666,0.555984555984556,0,1,0.6258992805755395,1,0.8333333333333333,1,1
0.2448979591836734,1,2,0.47619047619047616,0.41505791505791506,0,1,0.539568345323741,0,0.3333333333333333,2,0
0.16326530612244894,1,2,0.47619047619047616,0.4034749034749035,0,1,0.8273381294964028,0,0.3333333333333333,2,0
0.510204081632653,1,0,0.419047619047619,0.5019305019305019,0,2,0.3525179856115109,1,0.8333333333333333,1,0
0.4897959183673468,1,1,0.38095238095238104,0.5482625482625483,0,1,0.3956834532374101,0,0.3333333333333333,2,0
0.510204081632653,0,1,0.3142857142857144,0.9034749034749034,0,1,0.4604316546762591,0,0.3333333333333333,2,0
0.46938775510204067,1,1,0.4285714285714287,0.36293436293436293,0,1,0.5899280575539567,0,0.3333333333333333,2,0
0.510204081632653,1,2,0.6190476190476192,1.0,0,1,0.4820143884892087,0,0.3333333333333333,1,1
0.5714285714285714,1,2,0.47619047619047616,0.3223938223938224,0,1,0.3669064748201439,0,0.3333333333333333,2,0
0.5306122448979591,1,0,0.4285714285714287,0.43243243243243246,0,1,0.42446043165467634,0,0.6666666666666666,1,1
0.26530612244897955,1,0,0.47619047619047616,0.33204633204633205,0,2,0.4820143884892087,0,0.6666666666666666,1,1
0.30612244897959184,0,1,0.6666666666666666,0.3590733590733591,0,1,0.6546762589928057,0,0.3333333333333333,2,0
0.08163265306122447,1,1,0.4285714285714287,0.49034749034749037,0,1,0.6618705035971222,0,0.3333333333333333,2,0
0.7551020408163265,1,0,0.5714285714285715,0.5907335907335908,1,1,0.1726618705035971,1,0.5833333333333333,1,1
0.26530612244897955,0,1,0.2857142857142857,0.48262548262548266,0,2,0.5683453237410072,0,0.3333333333333333,2,0
0.40816326530612246,0,1,0.38095238095238104,0.3416988416988417,1,2,0.6115107913669064,0,0.3333333333333333,2,0
0.40816326530612246,0,0,0.6666666666666666,0.43822393822393824,0,1,0.4820143884892087,1,0.5,1,0
0.5306122448979591,0,1,0.6666666666666666,0.444015444015444,0,1,0.4820143884892087,0,0.3333333333333333,2,0
0.5306122448979591,0,2,0.47619047619047616,0.5675675675675675,0,2,0.2661870503597123,1,0.3333333333333333,1,1
0.1428571428571428,1,1,0.6666666666666666,0.5096525096525096,0,1,0.7553956834532374,0,0.3333333333333333,2,0
0.4897959183673468,1,2,0.5714285714285715,0.5,0,2,0.7697841726618706,0,0.3333333333333333,2,0
0.30612244897959184,1,0,0.38095238095238104,0.33783783783783783,0,1,0.4100719424460432,1,0.5,1,1
0.6326530612244898,1,2,0.47619047619047616,0.6138996138996139,0,1,0.4100719424460432,1,0.5,1,0
0.18367346938775508,1,0,0.38095238095238104,0.43050193050193053,0,1,0.7553956834532374,0,0.3333333333333333,2,0
0.44897959183673475,1,1,0.5714285714285715,0.416988416988417,0,1,0.7697841726618706,0,0.3333333333333333,2,0
0.16326530612244894,1,2,0.3047619047619049,0.6563706563706564,0,1,0.8705035971223021,0,0.5,1,0
0.26530612244897955,1,0,0.2857142857142857,0.5579150579150579,0,1,0.7697841726618706,0,0.3333333333333333,1,1
0.44897959183673475,1,0,0.47619047619047616,0.4498069498069498,0,1,0.4172661870503597,1,0.6666666666666666,1,1
0.3877551020408163,0,0,0.38095238095238104,0.39575289575289574,0,1,0.2517985611510792,1,0.6666666666666666,1,1
0.346938775510204,1,1,0.5714285714285715,0.43243243243243246,1,1,0.42446043165467634,0,0.3333333333333333,2,0
0.26530612244897955,0,1,0.47619047619047616,0.47297297297297297,0,1,0.6258992805755395,0,0.3333333333333333,2,0
0.4897959183673468,0,0,0.47619047619047616,0.3474903474903475,0,1,0.553956834532374,1,0.5833333333333333,1,0
0.46938775510204067,0,1,0.761904761904762,0.37451737451737455,0,1,0.7697841726618706,0,0.3333333333333333,2,0
0.061224489795918324,1,0,0.38095238095238104,0.5212355212355212,0,1,0.6474820143884892,1,0.5833333333333333,1,1
0.6122448979591837,1,2,0.47619047619047616,0.4111969111969112,0,2,0.553956834532374,0,0.3333333333333333,1,1
0.5306122448979591,1,0,0.6666666666666666,0.7046332046332047,0,2,0.5107913669064748,0,0.5,2,0
0.4897959183673468,1,0,0.3047619047619049,0.6602316602316602,0,2,0.23741007194244607,1,0.5,1,1
0.4285714285714285,1,1,0.19047619047619047,0.48841698841698844,0,1,0.7985611510791366,0,0.3333333333333333,2,0
0.30612244897959184,0,2,0.6666666666666666,0.49034749034749037,0,1,0.8057553956834533,0,0.3333333333333333,2,0
0.346938775510204,1,0,0.5714285714285715,0.43243243243243246,0,1,0.5827338129496402,0,0.3333333333333333,2,0
0.36734693877551017,1,0,0.38095238095238104,0.5347490347490348,0,1,0.44604316546762596,1,0.5,1,1
0.44897959183673475,0,1,0.2857142857142857,0.38996138996138996,0,1,0.5899280575539567,0,0.3333333333333333,2,0
0.18367346938775508,0,1,0.38095238095238104,0.5019305019305019,0,1,0.4820143884892087,0,0.3333333333333333,2,0
0.346938775510204,0,0,0.49523809523809537,0.5733590733590733,0,1,0.5827338129496402,0,0.3333333333333333,2,0
0.08163265306122447,1,1,0.2857142857142857,0.4343629343629344,0,1,0.8705035971223021,0,0.3333333333333333,2,0
0.4897959183673468,1,0,0.761904761904762,0.4749034749034749,0,2,0.13669064748201437,1,1.0,1,1
0.3265306122448979,1,0,0.6666666666666666,0.7953667953667953,0,1,0.7697841726618706,0,0.3333333333333333,2,0
0.5918367346938775,1,1,0.5714285714285715,0.5115830115830116,0,2,0.5899280575539567,1,0.5,1,1
0.3265306122448979,1,1,0.47619047619047616,0.41505791505791506,0,1,0.5179856115107915,0,0.3333333333333333,2,0
0.4897959183673468,1,0,0.38095238095238104,0.35135135135135137,0,1,0.6258992805755395,0,0.3333333333333333,1,1
0.3265306122448979,0,0,0.38095238095238104,0.42084942084942084,0,2,0.3741007194244605,0,0.3333333333333333,2,0
0.5510204081632653,1,0,0.5714285714285715,0.5173745173745173,0,1,0.4676258992805756,1,0.5833333333333333,1,1
0.36734693877551017,1,2,0.6666666666666666,0.31467181467181465,0,1,0.381294964028777,0,0.3333333333333333,2,0
0.1428571428571428,0,0,0.5714285714285715,0.3223938223938224,0,1,0.6258992805755395,0,0.3333333333333333,2,0
0.4897959183673468,1,1,0.5714285714285715,0.19305019305019305,0,1,0.539568345323741,1,0.3333333333333333,2,0
0.4285714285714285,1,0,0.47619047619047616,0.39768339768339767,0,1,0.7697841726618706,0,0.3333333333333333,1,1
0.5510204081632653,1,2,0.2857142857142857,0.5347490347490348,0,1,0.6978417266187049,0,0.3333333333333333,2,0
0.5306122448979591,1,1,0.38095238095238104,0.4594594594594595,0,1,0.6546762589928057,0,0.3333333333333333,2,0
0.7142857142857142,1,0,0.6666666666666666,0.43050193050193053,0,1,0.3741007194244605,0,0.3333333333333333,1,1
0.4897959183673468,1,1,0.761904761904762,0.3783783783783784,0,1,0.7338129496402879,0,0.3333333333333333,2,0
0.5714285714285714,1,0,0.6666666666666666,0.4111969111969112,1,1,0.44604316546762596,1,0.5,1,1
0.7755102040816326,1,0,0.5714285714285715,0.26833976833976836,0,1,0.22302158273381295,1,0.5,1,1
0.7551020408163265,1,0,0.8571428571428573,0.5077220077220077,1,1,0.3525179856115109,1,0.6666666666666666,1,1
0.510204081632653,0,1,0.5714285714285715,0.416988416988417,0,1,0.5683453237410072,1,0.6666666666666666,1,0
0.30612244897959184,1,3,0.38095238095238104,0.5617760617760618,0,2,0.6618705035971222,0,0.3333333333333333,1,1
0.5510204081632653,1,0,0.5714285714285715,0.4420849420849421,0,1,0.33812949640287776,1,0.41666666666666663,1,0
0.4285714285714285,0,1,0.2857142857142857,0.4015444015444016,0,1,0.6978417266187049,0,0.3333333333333333,2,0
0.22448979591836726,1,0,0.47619047619047616,0.5926640926640927,0,1,0.553956834532374,0,0.3333333333333333,2,0
0.4897959183673468,0,1,0.38095238095238104,0.40540540540540543,0,1,0.6115107913669064,0,0.3333333333333333,2,0
0.40816326530612246,1,0,0.761904761904762,0.6351351351351352,0,1,0.20863309352517984,1,0.5833333333333333,1,1
0.22448979591836726,0,2,0.2857142857142857,0.35135135135135137,0,2,0.8417266187050361,0,0.3333333333333333,2,0
0.6122448979591837,1,0,0.47619047619047616,0.5077220077220077,0,1,0.553956834532374,1,0.6666666666666666,1,1
0.30612244897959184,1,1,0.5904761904761905,0.39961389961389965,0,1,0.539568345323741,0,0.3333333333333333,2,0
0.22448979591836726,1,2,0.761904761904762,0.28378378378378377,1,1,0.6978417266187049,0,0.3333333333333333,2,0
0.5714285714285714,1,0,0.38095238095238104,0.1640926640926641,0,1,0.553956834532374,0,0.3333333333333333,2,0
0.26530612244897955,1,1,0.4285714285714287,0.5193050193050193,0,1,0.5827338129496402,0,0.3333333333333333,2,0
0.7551020408163265,1,0,0.47619047619047616,0.5308880308880309,0,2,0.3741007194244605,1,0.5,1,1
0.46938775510204067,1,0,0.47619047619047616,0.3455598455598456,0,1,0.2661870503597123,0,0.3333333333333333,2,0
0.2448979591836734,0,0,0.6666666666666666,0.7567567567567568,0,1,0.4820143884892087,0,0.6666666666666666,1,1
0.2448979591836734,1,0,0.38095238095238104,0.8996138996138996,1,1,0.6402877697841727,1,0.5,1,1
0.36734693877551017,1,0,0.36190476190476184,0.3590733590733591,0,1,0.43884892086330934,0,0.3333333333333333,1,1
0.5918367346938775,1,1,0.5714285714285715,0.5019305019305019,1,1,0.553956834532374,0,0.3333333333333333,2,0
0.40816326530612246,0,0,0.38095238095238104,0.49034749034749037,0,2,0.33812949640287776,0,0.3333333333333333,2,0
0.12244897959183676,1,1,0.6666666666666666,0.41312741312741313,0,2,0.7553956834532374,0,0.3333333333333333,2,0
0.44897959183673475,1,0,0.5714285714285715,0.24903474903474904,0,1,0.5179856115107915,0,0.3333333333333333,2,0
0.6326530612244898,0,1,0.47619047619047616,0.36293436293436293,0,1,0.43884892086330934,0,0.5,1,0
0.5918367346938775,1,0,0.6666666666666666,0.4922779922779923,0,1,0.20863309352517984,1,0.8333333333333333,1,1
0.3877551020408163,1,0,0.5714285714285715,0.5328185328185329,1,1,0.44604316546762596,1,0.3333333333333333,2,0
0.20408163265306123,1,1,0.5714285714285715,0.5733590733590733,0,1,0.6258992805755395,0,0.3333333333333333,2,0
0.4285714285714285,0,2,0.47619047619047616,0.39961389961389965,0,2,0.5179856115107915,0,0.3333333333333333,2,0
0.10204081632653061,0,0,0.19047619047619047,0.4749034749034749,0,1,0.6258992805755395,1,0.5,1,1
0.20408163265306123,1,0,0.38095238095238104,0.5444015444015444,0,1,0.7697841726618706,0,0.3333333333333333,1,1
0.6326530612244898,0,0,0.47619047619047616,0.6525096525096525,1,2,0.4820143884892087,1,0.5833333333333333,1,1
0.1428571428571428,0,3,0.38095238095238104,0.3088803088803089,0,2,0.8776978417266188,0,0.3333333333333333,2,0
0.12244897959183676,1,3,0.5714285714285715,0.30115830115830117,0,1,0.8417266187050361,0,0.3333333333333333,1,1
0.3877551020408163,0,2,0.5238095238095238,0.47876447876447875,1,1,0.7697841726618706,0,0.3333333333333333,1,1
0.4897959183673468,0,2,0.4285714285714287,0.5250965250965252,0,1,0.5467625899280575,0,0.3333333333333333,2,0
0.36734693877551017,1,0,0.2857142857142857,0.46332046332046334,0,2,0.553956834532374,0,0.3333333333333333,2,0
0.6122448979591837,0,1,0.9523809523809524,0.7586872586872587,0,1,0.33812949640287776,1,0.5,1,1
0.6122448979591837,1,1,0.47619047619047616,0.444015444015444,0,1,0.6258992805755395,0,0.3333333333333333,2,0
0.5306122448979591,1,1,0.38095238095238104,0.4749034749034749,0,1,0.33812949640287776,0,0.3333333333333333,2,0
0.12244897959183676,0,1,0.47619047619047616,0.3108108108108108,0,1,0.9136690647482015,0,0.3333333333333333,2,0
0.40816326530612246,0,0,0.2666666666666667,0.31467181467181465,0,1,0.8057553956834533,0,0.6666666666666666,2,0
0.5306122448979591,0,1,0.38095238095238104,0.444015444015444,1,1,0.553956834532374,0,0.3333333333333333,2,0
0.2857142857142857,1,2,0.38095238095238104,0.44015444015444016,0,1,0.6402877697841727,1,0.5833333333333333,1,0
0.20408163265306123,1,2,0.6190476190476192,0.5637065637065637,0,1,0.4820143884892087,0,0.3333333333333333,2,0
0.36734693877551017,1,0,0.2857142857142857,0.38996138996138996,0,1,0.6258992805755395,1,0.3333333333333333,1,1
0.5714285714285714,1,0,0.8571428571428573,0.7490347490347491,0,2,0.42446043165467634,1,0.6666666666666666,1,1
0.5714285714285714,1,0,0.6666666666666666,0.444015444015444,0,2,0.43884892086330934,1,0.5833333333333333,1,1
0.6734693877551019,0,0,0.47619047619047616,0.5675675675675675,0,2,0.4100719424460432,1,0.5,1,0
0.4285714285714285,1,2,0.33333333333333337,0.5115830115830116,0,1,0.8057553956834533,0,0.3333333333333333,1,1
0.30612244897959184,0,1,0.38095238095238104,0.41505791505791506,0,2,0.8057553956834533,0,0.3333333333333333,2,0
0.22448979591836726,1,1,0.38095238095238104,0.46525096525096526,0,2,0.5971223021582734,0,0.6666666666666666,2,0
0.5306122448979591,1,0,0.5714285714285715,0.3204633204633205,0,1,0.3956834532374101,1,0.3333333333333333,1,1
0.30612244897959184,1,0,0.6666666666666666,0.4768339768339768,0,1,0.4820143884892087,1,0.6666666666666666,1,1
0.4897959183673468,1,0,0.761904761904762,0.638996138996139,0,1,0.22302158273381295,1,0.75,1,1
0.44897959183673475,1,0,0.5714285714285715,0.6583011583011583,0,2,0.44604316546762596,1,0.75,1,1
0.3877551020408163,1,0,0.761904761904762,0.5617760617760618,0,2,0.6834532374100719,1,0.8333333333333333,1,1
0.510204081632653,1,0,0.5714285714285715,0.4691119691119691,0,1,0.6618705035971222,0,0.3333333333333333,2,0
0.5714285714285714,0,1,0.38095238095238104,0.5386100386100386,0,1,0.6258992805755395,0,0.5,1,1
0.22448979591836726,1,0,0.2857142857142857,0.5270270270270271,0,1,0.4964028776978418,0,0.3333333333333333,2,0
0.2857142857142857,1,1,0.38095238095238104,0.38223938223938225,0,1,0.6618705035971222,0,0.3333333333333333,2,0
0.30612244897959184,0,1,0.38095238095238104,0.48069498069498073,0,2,0.8129496402877698,0,0.3333333333333333,2,0
0.44897959183673475,1,1,0.38095238095238104,0.32432432432432434,0,1,0.6978417266187049,0,0.3333333333333333,2,0
0.22448979591836726,1,1,0.47619047619047616,0.41505791505791506,0,1,0.4100719424460432,0,0.3333333333333333,2,0
0.40816326530612246,1,1,0.19047619047619047,0.30694980694980695,0,1,0.2661870503597123,0,0.3333333333333333,2,0
0.2448979591836734,1,1,0.47619047619047616,0.5308880308880309,0,1,0.6258992805755395,0,0.3333333333333333,2,0
0.5510204081632653,1,0,0.38095238095238104,0.5212355212355212,0,1,0.553956834532374,0,0.3333333333333333,2,0
0.26530612244897955,1,1,0.38095238095238104,0.5617760617760618,0,2,0.6978417266187049,0,0.3333333333333333,2,0
0.5714285714285714,1,0,0.7142857142857143,0.6602316602316602,1,1,0.6258992805755395,1,0.8333333333333333,1,1
0.20408163265306123,1,0,0.2857142857142857,0.3667953667953668,0,1,0.6258992805755395,1,0.5,1,1
0.4285714285714285,1,0,0.5714285714285715,0.35714285714285715,0,1,0.4820143884892087,0,0.3333333333333333,2,0
0.3265306122448979,1,0,0.47619047619047616,0.5598455598455598,0,1,0.2661870503597123,1,0.6666666666666666,1,1
0.5306122448979591,1,1,0.761904761904762,0.3764478764478765,0,2,0.4820143884892087,0,0.5,2,0
0.6326530612244898,1,0,0.5714285714285715,0.5096525096525096,1,0,0.4028776978417266,1,0.3333333333333333,1,1
0.4285714285714285,1,0,0.4571428571428572,0.4092664092664093,0,1,0.23741007194244607,1,0.3333333333333333,1,1
0.3877551020408163,1,1,0.761904761904762,0.5077220077220077,0,1,0.7985611510791366,0,0.3333333333333333,2,0
0.2857142857142857,1,1,0.38095238095238104,0.3783783783783784,0,1,0.6258992805755395,0,0.3333333333333333,2,0
0.4897959183673468,0,1,0.5714285714285715,0.4343629343629344,0,1,0.553956834532374,0,0.3333333333333333,2,0
0.36734693877551017,1,3,0.5714285714285715,0.5250965250965252,1,1,0.8057553956834533,0,0.6666666666666666,1,1
0.40816326530612246,1,1,0.5714285714285715,0.4594594594594595,0,1,0.3956834532374101,0,0.3333333333333333,2,0
0.6122448979591837,1,0,0.5238095238095238,0.4285714285714286,0,1,0.2661870503597123,0,0.3333333333333333,2,0
0.6122448979591837,1,2,0.5714285714285715,0.3455598455598456,0,1,0.6978417266187049,0,0.3333333333333333,2,0
0.020408163265306145,1,1,0.38095238095238104,0.4691119691119691,0,1,0.6978417266187049,0,0.3333333333333333,2,0
0.2448979591836734,1,2,0.5714285714285715,0.4536679536679537,0,1,0.8992805755395683,0,0.3333333333333333,2,0
0.510204081632653,1,1,0.5714285714285715,0.6177606177606177,0,1,0.7122302158273381,0,0.3333333333333333,2,0
0.4285714285714285,1,2,0.5714285714285715,0.361003861003861,0,1,0.7841726618705036,0,0.3333333333333333,2,0
0.4897959183673468,1,0,0.5714285714285715,0.5135135135135135,0,1,0.5107913669064748,1,0.6666666666666666,1,1
0.30612244897959184,1,0,0.5714285714285715,0.555984555984556,0,1,0.5179856115107915,1,0.6666666666666666,1,1
0.5306122448979591,1,0,0.5714285714285715,0.416988416988417,0,1,0.30215827338129503,0,0.5833333333333333,1,1
0.6326530612244898,1,1,0.5714285714285715,0.5540540540540541,0,1,0.6258992805755395,0,0.3333333333333333,2,0
0.18367346938775508,1,2,0.47619047619047616,0.37451737451737455,0,1,0.6258992805755395,0,0.3333333333333333,2,0
0.36734693877551017,0,0,0.47619047619047616,0.4594594594594595,0,1,0.19424460431654683,0,0.3333333333333333,2,0
0.4897959183673468,1,0,0.47619047619047616,0.4343629343629344,0,1,0.4100719424460432,1,0.6666666666666666,1,1
0.46938775510204067,1,1,0.47619047619047616,0.43243243243243246,0,1,0.6258992805755395,0,0.3333333333333333,2,0
0.4897959183673468,1,0,0.5714285714285715,0.7799227799227799,0,1,0.43884892086330934,1,0.6666666666666666,1,1
0.36734693877551017,1,0,0.2857142857142857,0.4594594594594595,0,2,0.553956834532374,1,0.5,1,0
0.5306122448979591,0,1,0.761904761904762,0.6023166023166023,0,1,0.4820143884892087,0,0.3333333333333333,2,0
0.6122448979591837,1,2,0.761904761904762,0.40733590733590735,1,2,0.20863309352517984,0,0.3333333333333333,1,1
0.6122448979591837,1,1,0.47619047619047616,0.4845559845559846,0,1,0.33812949640287776,0,0.3333333333333333,2,0
0.26530612244897955,1,0,0.38095238095238104,0.45752895752895756,1,1,0.539568345323741,1,0.5,1,1
0.44897959183673475,0,0,0.38095238095238104,0.6332046332046333,0,1,0.33812949640287776,1,0.5,1,0
0.510204081632653,1,0,0.9523809523809524,0.5501930501930502,0,2,0.4100719424460432,1,0.5833333333333333,1,1
0.36734693877551017,1,0,0.9523809523809524,0.5405405405405406,0,2,0.4100719424460432,0,0.3333333333333333,2,0
0.44897959183673475,1,1,0.8571428571428573,0.4034749034749035,0,2,0.381294964028777,0,0.3333333333333333,2,0
0.40816326530612246,1,1,0.47619047619047616,0.47297297297297297,0,1,0.6978417266187049,0,0.3333333333333333,2,0
0.346938775510204,1,2,0.5238095238095238,0.3706563706563707,0,1,0.33812949640287776,0,0.3333333333333333,2,0
0.26530612244897955,0,1,0.4285714285714287,0.3552123552123552,0,1,0.8417266187050361,0,0.3333333333333333,2,0
0.693877551020408,0,3,0.761904761904762,0.3725868725868726,0,1,0.381294964028777,0,0.3333333333333333,2,0
0.4285714285714285,1,0,0.38095238095238104,0.5733590733590733,0,1,0.4964028776978418,0,0.5,1,0
0.2857142857142857,1,1,0.6666666666666666,0.5173745173745173,0,1,0.525179856115108,0,0.3333333333333333,2,0
0.510204081632653,1,0,0.38095238095238104,0.4749034749034749,0,1,0.381294964028777,1,0.3333333333333333,1,1
0.5918367346938775,0,3,0.47619047619047616,0.5945945945945946,0,1,0.2517985611510792,0,0.5,1,0
0.3877551020408163,1,3,0.2857142857142857,0.48069498069498073,0,1,0.6258992805755395,0,0.3333333333333333,2,0
0.36734693877551017,1,2,0.38095238095238104,0.444015444015444,0,1,0.6258992805755395,0,0.3333333333333333,2,0
0.2857142857142857,1,2,0.761904761904762,0.28378378378378377,0,1,0.5971223021582734,0,0.3333333333333333,2,0
0.061224489795918324,0,1,0.19047619047619047,0.42277992277992277,0,2,0.6258992805755395,0,0.3333333333333333,2,0
0.5714285714285714,1,1,0.47619047619047616,0.3552123552123552,0,1,0.2661870503597123,0,0.3333333333333333,2,0
0.44897959183673475,1,0,0.6666666666666666,0.41505791505791506,0,1,0.553956834532374,1,0.3333333333333333,2,0
0.1428571428571428,1,1,0.38095238095238104,0.5945945945945946,0,0,0.8417266187050361,0,0.3333333333333333,2,0
0.1428571428571428,1,1,0.2857142857142857,0.49613899613899615,0,1,0.553956834532374,0,0.3333333333333333,1,1
0.0,1,1,0.47619047619047616,0.2548262548262548,0,0,0.8776978417266188,0,0.3333333333333333,2,0
0.5306122448979591,1,0,0.4285714285714287,0.416988416988417,0,1,0.553956834532374,0,0.3333333333333333,1,1
0.40816326530612246,1,0,0.24761904761904774,0.5077220077220077,1,1,0.33812949640287776,0,0.3333333333333333,1,1
0.44897959183673475,0,2,0.5714285714285715,0.555984555984556,0,1,0.553956834532374,1,0.3333333333333333,1,1
0.5714285714285714,1,2,0.47619047619047616,0.5328185328185329,0,1,0.4676258992805756,1,0.5,2,0
0.5714285714285714,0,2,0.47619047619047616,0.42277992277992277,0,2,0.7266187050359711,0,0.3333333333333333,2,0
0.3877551020408163,1,0,0.6666666666666666,0.4362934362934363,0,1,0.2517985611510792,1,0.5833333333333333,1,1
0.04081632653061218,0,3,0.8571428571428573,0.45752895752895756,0,2,0.7697841726618706,0,0.3333333333333333,2,0
0.22448979591836726,1,0,0.2857142857142857,0.5405405405405406,0,1,0.6258992805755395,0,0.3333333333333333,1,1
0.5306122448979591,1,2,0.38095238095238104,0.4189189189189189,0,1,0.5323741007194245,0,0.3333333333333333,2,0
0.5510204081632653,1,1,0.5714285714285715,0.3783783783783784,0,1,0.6258992805755395,0,0.3333333333333333,2,0
0.020408163265306145,1,1,0.5714285714285715,0.5077220077220077,0,1,0.7697841726618706,0,0.3333333333333333,2,0
0.36734693877551017,1,0,0.47619047619047616,0.4285714285714286,0,1,0.3525179856115109,0,0.3333333333333333,1,1
0.46938775510204067,0,0,0.761904761904762,0.584942084942085,0,1,0.6258992805755395,1,0.5,1,1
0.40816326530612246,0,2,0.38095238095238104,0.3764478764478765,0,1,0.44604316546762596,0,0.3333333333333333,2,0
0.10204081632653061,1,2,0.38095238095238104,0.5752895752895753,0,1,0.8776978417266188,0,0.3333333333333333,2,0
0.5510204081632653,1,1,0.38095238095238104,0.4942084942084942,1,1,0.5323741007194245,0,0.3333333333333333,2,0
0.44897959183673475,1,0,0.6190476190476192,0.5096525096525096,0,1,0.6258992805755395,0,0.3333333333333333,1,1
0.510204081632653,1,2,0.38095238095238104,0.3764478764478765,0,1,0.553956834532374,0,0.3333333333333333,2,0
0.20408163265306123,1,0,0.11428571428571432,0.22586872586872586,0,1,0.5107913669064748,1,0.75,1,1
0.26530612244897955,1,1,0.38095238095238104,0.5694980694980695,0,1,0.7697841726618706,0,0.3333333333333333,2,0
0.18367346938775508,0,0,0.47619047619047616,0.333976833976834,0,2,0.8705035971223021,0,0.3333333333333333,2,0
0.18367346938775508,1,0,0.47619047619047616,0.6081081081081081,0,1,0.6834532374100719,0,0.3333333333333333,2,0
0.2448979591836734,1,2,0.47619047619047616,0.5424710424710425,0,1,0.7482014388489209,0,0.3333333333333333,2,0
0.20408163265306123,0,1,0.38095238095238104,0.5308880308880309,0,1,0.4748201438848921,0,0.3333333333333333,2,0
0.26530612244897955,1,0,0.3047619047619049,0.48262548262548266,0,1,0.5683453237410072,0,0.3333333333333333,2,0
0.5306122448979591,0,1,0.5714285714285715,0.5965250965250966,0,2,0.553956834532374,0,0.3333333333333333,2,0
0.22448979591836726,1,1,0.38095238095238104,0.3861003861003861,0,1,0.6978417266187049,1,0.5,1,0
0.26530612244897955,1,0,0.38095238095238104,0.6486486486486487,0,1,0.3956834532374101,1,0.8333333333333333,1,1
0.5510204081632653,1,3,0.5714285714285715,0.5694980694980695,0,1,0.525179856115108,0,0.3333333333333333,1,1
0.40816326530612246,1,0,0.761904761904762,0.6853281853281853,0,1,0.2589928057553957,1,0.6666666666666666,1,1
0.40816326530612246,1,0,0.761904761904762,0.3725868725868726,0,1,0.2805755395683453,1,0.8333333333333333,1,1
0.5510204081632653,1,1,0.6190476190476192,0.6293436293436293,0,1,0.6618705035971222,0,0.3333333333333333,2,0
0.5510204081632653,1,1,0.761904761904762,0.5637065637065637,1,1,0.5755395683453237,1,0.6666666666666666,1,1
0.30612244897959184,0,1,0.38095238095238104,0.5135135135135135,0,1,0.3956834532374101,0,0.3333333333333333,2,0
0.40816326530612246,1,0,0.761904761904762,0.5173745173745173,0,1,0.2877697841726619,1,0.5,1,1
0.5306122448979591,1,3,0.38095238095238104,0.3301158301158301,0,1,0.5323741007194245,0,0.6666666666666666,2,0
0.5306122448979591,1,2,0.38095238095238104,0.45752895752895756,0,1,0.6258992805755395,1,0.5833333333333333,1,1
0.40816326530612246,1,0,0.4,0.5308880308880309,1,2,0.6258992805755395,1,0.6666666666666666,0,1
0.346938775510204,1,0,0.47619047619047616,0.42277992277992277,0,2,0.4820143884892087,1,0.5,1,1
0.4285714285714285,1,0,0.47619047619047616,0.6583011583011583,0,1,0.4100719424460432,1,0.5,1,1
0.3265306122448979,1,0,0.5238095238095238,0.9478764478764479,0,1,0.5179856115107915,0,0.3333333333333333,1,1
0.40816326530612246,1,0,0.38095238095238104,0.5019305019305019,0,1,0.3741007194244605,0,0.6666666666666666,1,1
0.6734693877551019,1,0,0.4285714285714287,0.5637065637065637,0,2,0.3741007194244605,1,0.3333333333333333,2,0
0.693877551020408,1,1,0.5714285714285715,0.5231660231660232,0,1,0.6402877697841727,0,0.5,2,0
0.5510204081632653,1,0,0.6190476190476192,0.47876447876447875,0,1,0.23741007194244607,1,0.6666666666666666,1,1
0.510204081632653,0,2,0.38095238095238104,0.528957528957529,0,1,0.4820143884892087,0,0.3333333333333333,2,0
0.5510204081632653,0,1,0.47619047619047616,0.7606177606177607,0,0,0.6258992805755395,0,0.3333333333333333,2,0
0.16326530612244894,1,2,0.6666666666666666,0.3088803088803089,0,1,0.7841726618705036,0,0.3333333333333333,2,0
0.46938775510204067,0,2,0.6666666666666666,0.3861003861003861,0,1,0.4100719424460432,0,0.41666666666666663,2,0
0.5510204081632653,0,1,0.4,0.6177606177606177,0,1,0.6618705035971222,0,0.3333333333333333,2,0
0.36734693877551017,1,1,0.5714285714285715,0.5308880308880309,0,1,0.7338129496402879,1,0.3333333333333333,2,0
0.5306122448979591,0,1,0.38095238095238104,0.4266409266409267,0,1,0.539568345323741,0,0.5,2,0
0.36734693877551017,1,0,0.38095238095238104,0.44594594594594594,0,1,0.3741007194244605,1,0.3333333333333333,1,1
0.6326530612244898,1,0,0.47619047619047616,0.24324324324324326,0,1,0.44604316546762596,0,0.3333333333333333,1,1
0.3877551020408163,1,2,0.5714285714285715,0.3725868725868726,0,1,0.5899280575539567,1,0.5,1,1
0.5306122448979591,1,1,0.761904761904762,0.5888030888030888,0,1,0.8057553956834533,0,0.3333333333333333,2,0
0.4897959183673468,1,0,0.47619047619047616,0.5752895752895753,0,1,0.33812949640287776,1,0.5,1,1
0.12244897959183676,1,1,0.17142857142857149,0.4247104247104247,0,1,0.6258992805755395,0,0.3333333333333333,2,0
0.5306122448979591,1,0,0.47619047619047616,0.4671814671814672,0,1,0.20143884892086333,1,0.5,1,1
0.3877551020408163,0,2,0.47619047619047616,0.4536679536679537,0,1,0.5899280575539567,0,0.6666666666666666,1,0
0.346938775510204,1,0,0.38095238095238104,0.4343629343629344,0,1,0.553956834532374,0,0.3333333333333333,2,0
0.08163265306122447,0,1,0.23809523809523803,0.38223938223938225,0,1,0.7338129496402879,0,0.3333333333333333,2,0
0.5510204081632653,1,0,0.5714285714285715,0.38803088803088803,0,1,0.4820143884892087,1,0.8333333333333333,1,1
0.5510204081632653,1,2,0.38095238095238104,0.4247104247104247,0,0,0.5107913669064748,0,0.3333333333333333,2,0
0.346938775510204,0,1,0.9523809523809524,0.5694980694980695,0,1,0.8417266187050361,0,0.3333333333333333,2,0
0.6326530612244898,1,2,0.9523809523809524,0.4111969111969112,0,1,0.2661870503597123,0,0.3333333333333333,2,0
0.46938775510204067,1,2,0.5238095238095238,0.3088803088803089,0,1,0.6258992805755395,0,0.6666666666666666,1,1
0.4897959183673468,1,0,0.8571428571428573,0.43050193050193053,0,1,0.45323741007194246,1,0.5833333333333333,1,1
0.5918367346938775,0,0,0.9523809523809524,0.6698841698841699,0,2,0.45323741007194246,1,0.4666666666666667,1,0
0.5306122448979591,0,1,0.47619047619047616,0.48841698841698844,0,2,0.6618705035971222,0,0.3333333333333333,2,0
0.6530612244897958,1,2,0.38095238095238104,0.4749034749034749,0,0,0.5179856115107915,0,0.3333333333333333,2,0
0.4285714285714285,1,0,0.6666666666666666,0.4285714285714286,0,1,0.42446043165467634,0,0.6666666666666666,1,1
0.46938775510204067,0,2,0.47619047619047616,0.4247104247104247,0,1,0.6978417266187049,1,0.6666666666666666,2,0
0.5510204081632653,0,1,0.2857142857142857,0.6640926640926641,0,2,0.6978417266187049,0,0.3333333333333333,2,0
0.2857142857142857,1,0,0.5714285714285715,0.6911196911196912,0,1,0.7697841726618706,0,0.3333333333333333,2,0
0.46938775510204067,0,2,0.2857142857142857,0.3667953667953668,0,1,0.4100719424460432,0,0.3333333333333333,2,0
0.6326530612244898,1,0,0.5714285714285715,0.32625482625482627,0,1,0.553956834532374,0,0.3333333333333333,2,0
0.510204081632653,1,1,0.38095238095238104,0.34942084942084944,0,1,0.4964028776978418,0,0.3333333333333333,2,0
0.40816326530612246,0,1,0.5047619047619049,0.5945945945945946,0,2,0.6690647482014389,0,0.6666666666666666,2,0
0.16326530612244894,1,1,0.38095238095238104,0.3204633204633205,0,1,0.8417266187050361,0,0.3333333333333333,2,0
0.40816326530612246,1,2,0.2857142857142857,0.40733590733590735,0,1,0.539568345323741,0,0.3333333333333333,2,0
0.3877551020408163,0,1,0.5714285714285715,0.49613899613899615,0,1,0.5179856115107915,0,0.5,2,0
0.510204081632653,1,0,0.47619047619047616,0.35135135135135137,0,1,0.6115107913669064,0,0.3333333333333333,2,0
0.7551020408163265,1,0,0.33333333333333337,0.0,0,1,0.21582733812949645,1,0.3333333333333333,1,1
0.08163265306122447,1,3,0.1428571428571429,0.0,1,1,0.4604316546762591,0,0.44999999999999996,2,1
0.6734693877551019,1,0,0.23809523809523803,0.0,1,1,0.33812949640287776,1,0.5833333333333333,2,1
0.44897959183673475,1,0,0.6190476190476192,0.0,1,1,0.5467625899280575,1,0.44999999999999996,1,1
0.5918367346938775,1,0,0.2857142857142857,0.0,1,2,0.4892086330935252,1,0.5666666666666667,2,1
0.46938775510204067,1,0,0.2857142857142857,0.0,1,1,0.20863309352517984,0,0.3333333333333333,1,1
0.3877551020408163,1,0,0.2857142857142857,0.0,1,2,0.618705035971223,0,0.6833333333333333,2,1
0.6530612244897958,1,0,0.761904761904762,0.0,1,1,0.618705035971223,0,0.39999999999999997,1,1
0.5510204081632653,1,1,0.5714285714285715,0.0,0,2,0.6258992805755395,0,0.36666666666666664,2,0
0.510204081632653,1,0,0.4285714285714287,0.0,1,1,0.4100719424460432,0,0.5833333333333333,2,1
0.693877551020408,0,0,0.38095238095238104,0.0,1,2,0.43165467625899284,1,0.6166666666666667,0,1
0.46938775510204067,1,0,0.1428571428571429,0.0,1,1,0.45323741007194246,0,0.7,1,1
0.46938775510204067,0,0,0.38095238095238104,0.0,1,1,0.4604316546762591,1,0.5833333333333333,2,1
0.5510204081632653,1,0,0.33333333333333337,0.0,1,1,0.6618705035971222,0,0.35,1,1
0.510204081632653,1,1,0.47619047619047616,0.0,0,2,0.4100719424460432,0,0.44999999999999996,0,0
0.6122448979591837,1,0,0.33333333333333337,0.0,1,1,0.539568345323741,0,0.41666666666666663,2,1
0.5918367346938775,1,0,0.1428571428571429,0.0,1,1,0.8561151079136691,0,0.44999999999999996,0,1
0.7551020408163265,1,0,0.7142857142857143,0.0,0,1,0.6546762589928057,0,0.5,2,0
0.6530612244897958,1,0,0.4285714285714287,0.0,1,1,0.33812949640287776,0,0.35,2,1
0.26530612244897955,1,0,0.4285714285714287,0.0,1,1,0.8129496402877698,0,0.6,2,1
0.12244897959183676,1,0,0.33333333333333337,0.0,1,1,0.6546762589928057,0,0.36666666666666664,2,1
0.510204081632653,1,0,0.0,0.0,0,1,0.5611510791366907,1,0.6666666666666666,0,0
0.9387755102040816,1,1,0.6190476190476192,0.0,1,2,0.43165467625899284,0,0.55,2,1
0.5918367346938775,1,2,0.23809523809523803,0.0,1,1,0.6115107913669064,0,0.3833333333333333,1,1
0.5714285714285714,1,0,0.5714285714285715,0.0,1,1,0.4172661870503597,1,0.6333333333333333,2,1
0.6734693877551019,1,0,0.47619047619047616,0.0,1,1,0.10071942446043164,0,0.75,1,1
0.8163265306122449,1,0,0.6190476190476192,0.0,1,1,0.525179856115108,0,0.6333333333333333,2,1
0.6326530612244898,1,2,0.4285714285714287,0.0,1,1,0.8057553956834533,0,0.7666666666666666,1,1
0.7142857142857142,1,0,0.19047619047619047,0.0,1,1,0.33093525179856115,0,0.18333333333333332,1,1
0.20408163265306123,0,0,0.23809523809523803,0.0,1,1,0.7410071942446044,0,0.7999999999999999,2,1
0.693877551020408,1,0,0.33333333333333337,0.0,1,1,0.4676258992805756,1,0.75,0,1
0.2857142857142857,1,0,0.23809523809523803,0.0,1,1,0.4676258992805756,1,0.08333333333333331,0,1
0.346938775510204,1,2,0.2857142857142857,0.0,0,1,0.539568345323741,0,0.31666666666666665,2,0
0.6326530612244898,1,0,0.4285714285714287,0.0,1,1,0.4028776978417266,1,0.4833333333333333,2,1
0.4897959183673468,1,0,0.1428571428571429,0.0,1,1,0.13669064748201437,1,0.4666666666666667,1,1
0.6530612244897958,1,0,0.47619047619047616,0.0,1,2,0.4820143884892087,1,0.5166666666666666,0,1
0.6530612244897958,1,2,0.33333333333333337,0.0,1,1,0.5755395683453237,0,0.7333333333333333,2,1
0.5714285714285714,1,0,0.33333333333333337,0.0,1,2,0.13669064748201437,0,0.16666666666666666,2,1
0.20408163265306123,1,2,0.19047619047619047,0.0,0,1,0.8345323741007193,0,0.14999999999999997,2,0
0.2448979591836734,1,0,0.1428571428571429,0.0,1,2,0.5827338129496402,0,0.3333333333333333,2,1
0.46938775510204067,1,0,0.47619047619047616,0.0,1,1,0.7697841726618706,0,0.21666666666666667,2,1
0.693877551020408,1,3,0.38095238095238104,0.0,1,0,0.5107913669064748,0,0.19999999999999998,1,1
0.8979591836734693,1,2,0.761904761904762,0.0,0,0,0.3669064748201439,0,0.6,1,0
0.7142857142857142,1,0,0.6666666666666666,0.0,1,2,0.6546762589928057,0,0.95,2,1
0.7142857142857142,1,0,0.5714285714285715,0.0,1,0,0.618705035971223,0,0.6666666666666666,2,1
0.7346938775510203,0,0,0.1428571428571429,0.0,1,1,0.5899280575539567,0,0.5166666666666666,0,1
0.30612244897959184,1,0,0.19047619047619047,0.0,1,1,0.42446043165467634,0,0.5833333333333333,0,1
0.7346938775510203,1,0,0.2857142857142857,0.0,1,1,0.3669064748201439,1,0.55,0,1
0.6734693877551019,1,0,0.2857142857142857,0.0,1,1,0.3597122302158274,0,0.5666666666666667,1,1
0.4897959183673468,1,0,0.47619047619047616,0.0,1,1,0.4100719424460432,0,0.3333333333333333,1,1
0.46938775510204067,1,0,0.38095238095238104,0.0,1,1,0.2949640287769784,0,0.3333333333333333,1,1
0.8367346938775508,1,0,0.5238095238095238,0.0,0,1,0.4820143884892087,0,0.3333333333333333,1,1
0.6326530612244898,1,0,0.38095238095238104,0.0,0,1,0.3741007194244605,0,0.3333333333333333,1,1
0.40816326530612246,1,0,0.33333333333333337,0.0,1,1,0.4676258992805756,0,0.3333333333333333,1,1
0.8367346938775508,1,0,0.5428571428571428,0.0,0,2,0.2949640287769784,1,0.6,1,1
0.16326530612244894,1,0,0.2857142857142857,0.0,1,1,0.44604316546762596,1,0.5,1,1
0.510204081632653,1,0,0.38095238095238104,0.0,1,1,0.4100719424460432,0,0.3333333333333333,1,1
0.30612244897959184,1,0,0.5714285714285715,0.0,0,2,0.553956834532374,1,0.41666666666666663,2,1
0.5714285714285714,1,0,0.38095238095238104,0.0,0,2,0.2661870503597123,1,0.16666666666666666,0,1
0.6122448979591837,1,0,0.47619047619047616,0.0,0,2,0.2661870503597123,1,0.5,1,1
0.5510204081632653,1,0,0.38095238095238104,0.0,0,2,0.20863309352517984,0,0.3833333333333333,2,1
0.7959183673469388,1,3,0.6190476190476192,0.0,0,0,0.44604316546762596,0,0.3333333333333333,1,1
0.36734693877551017,1,0,0.33333333333333337,0.0,0,1,0.3597122302158274,1,0.5833333333333333,1,1
0.510204081632653,1,1,0.38095238095238104,0.0,0,1,0.23021582733812956,0,0.3333333333333333,1,1
0.20408163265306123,1,2,0.33333333333333337,0.0,0,1,0.4676258992805756,1,0.3333333333333333,1,1
0.510204081632653,1,2,0.23809523809523803,0.0,0,1,0.3741007194244605,0,0.3333333333333333,1,1
0.693877551020408,1,2,0.761904761904762,0.0,0,1,0.0647482014388489,1,0.3333333333333333,1,1
0.3877551020408163,1,0,0.761904761904762,0.0,0,1,0.43884892086330934,1,0.3333333333333333,1,1
0.5714285714285714,1,2,0.7142857142857143,0.0,0,2,0.2589928057553957,0,0.3333333333333333,1,1
0.5714285714285714,1,0,0.38095238095238104,0.0,0,2,0.6115107913669064,0,0.3333333333333333,1,1
0.5714285714285714,1,2,0.38095238095238104,0.0,0,1,0.24460431654676257,0,0.3333333333333333,1,0
0.6734693877551019,1,0,0.6666666666666666,0.0,0,1,0.3884892086330936,1,0.6666666666666666,1,1
0.8163265306122449,1,0,0.5238095238095238,0.0,0,2,0.4100719424460432,1,0.3333333333333333,2,1
0.5918367346938775,1,0,0.5714285714285715,0.0,0,1,0.4100719424460432,1,0.6666666666666666,1,1
0.7142857142857142,1,0,0.6666666666666666,0.0,0,1,0.1654676258992806,1,0.6666666666666666,1,1
0.6530612244897958,1,0,0.5238095238095238,0.0,0,1,0.0,1,0.41666666666666663,2,1
0.7755102040816326,1,0,0.6666666666666666,0.0,0,1,0.32374100719424465,1,0.6666666666666666,1,1
0.7142857142857142,1,0,1.0,0.0,0,1,0.2517985611510792,1,0.3333333333333333,2,1
0.6326530612244898,1,0,0.5238095238095238,0.0,0,1,0.3741007194244605,1,0.5,1,1
0.6734693877551019,1,0,0.4285714285714287,0.0,0,1,0.30215827338129503,1,0.3333333333333333,0,1
0.9183673469387754,0,2,0.761904761904762,0.0,0,2,0.4172661870503597,0,0.3333333333333333,2,1
0.3877551020408163,1,2,0.7142857142857143,0.0,0,1,0.3956834532374101,1,0.5,1,1
0.7551020408163265,1,0,0.761904761904762,0.0,1,2,0.42446043165467634,0,0.5333333333333333,1,1
0.857142857142857,1,0,0.5714285714285715,0.0,1,1,0.6762589928057554,1,0.6666666666666666,1,1
0.44897959183673475,1,0,0.38095238095238104,0.0,0,2,0.6690647482014389,1,0.3333333333333333,2,1
0.6530612244897958,1,0,0.761904761904762,0.0,0,2,0.2589928057553957,1,0.41666666666666663,1,1
0.44897959183673475,1,0,0.33333333333333337,0.0,0,1,0.4100719424460432,1,0.41666666666666663,1,1
0.30612244897959184,1,0,0.33333333333333337,0.0,0,1,0.5899280575539567,1,0.6666666666666666,1,1
0.20408163265306123,0,0,0.2857142857142857,0.0,0,1,0.6690647482014389,0,0.3333333333333333,1,1
0.5306122448979591,1,0,0.38095238095238104,0.0,0,1,0.6618705035971222,0,0.3333333333333333,1,1
0.6734693877551019,1,0,0.6666666666666666,0.0,0,1,0.30215827338129503,1,0.3333333333333333,1,1
0.2857142857142857,1,0,0.6190476190476192,0.0,0,1,0.2589928057553957,1,0.3333333333333333,1,1
0.510204081632653,1,0,0.47619047619047616,0.0,0,0,0.5179856115107915,1,0.5,1,1
0.5510204081632653,1,0,0.5714285714285715,0.0,0,1,0.14388489208633098,0,0.3333333333333333,1,1
0.6734693877551019,1,0,0.761904761904762,0.0,1,2,0.5899280575539567,0,0.5,1,1
0.857142857142857,1,0,0.33333333333333337,0.0,0,2,0.20863309352517984,1,0.3333333333333333,1,1
0.6734693877551019,1,0,0.47619047619047616,0.0,0,0,0.3741007194244605,0,0.3333333333333333,1,1
0.20408163265306123,1,0,0.6666666666666666,0.0,1,1,0.4100719424460432,1,0.44999999999999996,1,1
0.5918367346938775,1,0,0.761904761904762,0.0,1,1,0.2517985611510792,1,0.6666666666666666,1,1
0.20408163265306123,1,0,0.5238095238095238,0.0,1,1,0.6258992805755395,0,0.3333333333333333,1,1
0.693877551020408,0,3,0.5714285714285715,0.0,1,1,0.5755395683453237,0,0.3333333333333333,1,1
0.6122448979591837,1,0,0.8571428571428573,0.0,1,2,0.30215827338129503,1,0.3333333333333333,1,1
0.4897959183673468,1,0,0.8095238095238096,0.0,1,1,0.42446043165467634,1,0.5,2,1
0.44897959183673475,0,0,0.761904761904762,0.0,1,1,0.33812949640287776,0,0.3333333333333333,1,1
0.46938775510204067,1,0,0.47619047619047616,0.0,1,2,0.7194244604316546,0,0.3333333333333333,1,1
0.7551020408163265,1,0,0.6190476190476192,0.0,1,2,0.028776978417266175,0,0.44999999999999996,1,1
0.4897959183673468,1,0,0.5238095238095238,0.0,1,1,0.4676258992805756,1,0.6666666666666666,1,1
0.3877551020408163,1,2,0.2857142857142857,0.0,1,1,0.4100719424460432,1,0.3333333333333333,1,1
0.1428571428571428,1,0,0.38095238095238104,0.0,1,1,0.4820143884892087,1,0.5333333333333333,1,1
0.5918367346938775,1,0,0.5714285714285715,0.0,1,1,0.2661870503597123,1,0.3333333333333333,1,1
0.693877551020408,1,0,0.33333333333333337,0.0,1,1,0.0647482014388489,1,0.25,1,1
0.6326530612244898,1,0,0.2857142857142857,0.0,1,1,0.22302158273381295,0,0.3333333333333333,1,1
0.510204081632653,1,2,0.761904761904762,0.0,1,0,0.42446043165467634,1,0.3333333333333333,1,1
0.693877551020408,1,0,0.6666666666666666,0.0,1,2,0.10791366906474825,0,0.6666666666666666,1,1
0.5306122448979591,1,0,0.9523809523809524,0.0,1,1,0.6258992805755395,0,0.5833333333333333,1,1
0.5714285714285714,1,0,0.4285714285714287,0.0,1,1,0.2877697841726619,1,0.5,1,1
0.5714285714285714,1,2,0.4285714285714287,0.0,1,1,0.2517985611510792,0,0.0,1,1
0.5306122448979591,1,0,0.47619047619047616,0.0,1,1,0.33812949640287776,1,0.8333333333333333,1,1
0.7755102040816326,0,0,0.7142857142857143,0.0,1,1,0.19424460431654683,0,0.3333333333333333,1,1
0.7142857142857142,1,0,0.5714285714285715,0.5019305019305019,0,2,0.3525179856115109,1,0.8333333333333333,1,1
0.3265306122448979,1,0,0.47619047619047616,0.4034749034749035,0,2,0.4604316546762591,0,0.3333333333333333,2,0
0.6530612244897958,1,0,0.49523809523809537,0.42084942084942084,0,2,0.553956834532374,1,0.5833333333333333,0,1
0.5510204081632653,1,0,0.5904761904761905,0.44015444015444016,0,2,0.618705035971223,1,0.75,2,1
0.7755102040816326,1,2,0.2857142857142857,0.4111969111969112,1,0,0.2589928057553957,1,0.55,1,0
0.7755102040816326,1,2,0.38095238095238104,0.0,0,2,0.4100719424460432,0,0.25,2,0
0.7551020408163265,1,0,0.6666666666666666,0.45559845559845563,1,2,0.30215827338129503,1,0.3333333333333333,1,1
0.6530612244897958,1,2,0.9523809523809524,0.0,0,2,0.553956834532374,1,0.5833333333333333,1,0
0.6530612244897958,1,2,0.38095238095238104,0.0,1,1,0.5611510791366907,1,0.6666666666666666,2,1
0.6530612244897958,1,1,0.761904761904762,0.5154440154440154,1,2,0.6762589928057554,0,0.41666666666666663,1,1
0.5714285714285714,1,1,0.4380952380952382,0.3204633204633205,0,2,0.553956834532374,0,0.3333333333333333,2,0
0.6326530612244898,1,0,0.5714285714285715,0.0,0,2,0.3884892086330936,1,0.5,1,1
0.693877551020408,1,0,0.2857142857142857,0.0,0,1,0.4100719424460432,1,0.41666666666666663,1,1
0.7142857142857142,1,2,0.5047619047619049,0.0,0,0,0.4100719424460432,1,0.5,1,1
0.5918367346938775,1,0,0.4571428571428572,0.0,1,2,0.6115107913669064,1,0.5,1,1
0.693877551020408,1,0,0.38095238095238104,0.4247104247104247,0,2,0.1654676258992806,0,0.3333333333333333,2,0
0.7142857142857142,1,0,0.8571428571428573,0.3416988416988417,0,1,0.1510791366906475,1,0.75,0,1
0.36734693877551017,1,0,0.2857142857142857,0.45559845559845563,0,1,0.44604316546762596,1,0.6666666666666666,1,1
0.7142857142857142,1,0,0.4380952380952382,0.0,0,2,0.4100719424460432,0,0.5833333333333333,0,0
0.6530612244897958,1,0,0.6857142857142858,0.0,0,2,0.3956834532374101,1,0.3333333333333333,2,0
0.6122448979591837,1,0,0.34285714285714286,0.0,0,1,0.43884892086330934,0,0.5,2,1
0.7346938775510203,1,0,0.38095238095238104,0.0,1,2,0.30935251798561153,0,0.6666666666666666,1,1
0.7142857142857142,1,2,0.47619047619047616,0.0,0,2,0.34532374100719426,1,0.3333333333333333,1,1
0.9387755102040816,1,2,0.5523809523809525,0.0,0,1,0.381294964028777,0,0.36666666666666664,2,0
0.4897959183673468,1,2,0.4571428571428572,0.0,0,2,0.8417266187050361,0,0.8333333333333333,2,1
0.8367346938775508,1,0,0.47619047619047616,0.0,1,2,0.4748201438848921,0,0.5,1,1
0.46938775510204067,1,0,0.4571428571428572,0.0,1,2,0.44604316546762596,1,0.5333333333333333,1,1
0.6530612244897958,1,0,0.47619047619047616,0.3590733590733591,1,2,0.553956834532374,1,0.41666666666666663,1,1
0.5714285714285714,1,0,0.38095238095238104,0.19305019305019305,0,1,0.4100719424460432,1,0.5833333333333333,1,1
0.5510204081632653,1,2,0.5333333333333333,0.44015444015444016,0,2,0.43884892086330934,1,0.6,1,1
0.5306122448979591,1,0,0.47619047619047616,0.0,0,2,0.3884892086330936,1,0.5666666666666667,1,1
1.0,1,0,0.419047619047619,0.3301158301158301,0,2,0.33812949640287776,1,0.6666666666666666,2,1
0.7142857142857142,1,0,0.761904761904762,0.444015444015444,1,1,0.30215827338129503,1,0.5,1,1
0.4897959183673468,1,2,0.4,0.0,0,1,0.33812949640287776,1,0.6666666666666666,0,1
0.7346938775510203,1,0,0.6095238095238095,0.0,0,2,0.42446043165467634,1,0.5,1,1
0.6530612244897958,1,0,0.5714285714285715,0.5424710424710425,0,2,0.3956834532374101,1,0.5833333333333333,1,1
0.6530612244897958,1,0,0.38095238095238104,0.0,0,1,0.5035971223021583,1,0.6666666666666666,2,0
0.6122448979591837,1,0,0.5333333333333333,0.3918918918918919,1,1,0.43165467625899284,1,0.5333333333333333,1,1
0.6326530612244898,1,0,0.7047619047619048,0.0,0,2,0.4892086330935252,1,0.5833333333333333,2,0
0.6734693877551019,1,2,0.38095238095238104,0.0,0,1,0.12230215827338126,1,0.3333333333333333,1,1
0.2448979591836734,1,0,0.4285714285714287,0.0,1,1,0.7338129496402879,0,0.3333333333333333,1,1
0.6734693877551019,1,0,0.5142857142857143,0.0,1,2,0.1654676258992806,0,0.5833333333333333,1,1
0.26530612244897955,1,0,0.22857142857142854,0.0,0,2,0.34532374100719426,0,0.3333333333333333,2,0
0.5918367346938775,1,0,0.561904761904762,0.5347490347490348,1,2,0.3956834532374101,1,0.6499999999999999,1,1
0.7142857142857142,1,0,0.5333333333333333,0.0,0,1,0.1510791366906475,1,0.3333333333333333,1,1
0.6326530612244898,1,0,0.4,0.4498069498069498,0,1,0.3884892086330936,1,0.55,0,1
0.46938775510204067,1,0,0.4571428571428572,0.0,0,1,0.31654676258992803,0,0.3333333333333333,2,0
0.6326530612244898,1,2,0.48571428571428565,0.0,0,1,0.4676258992805756,1,0.6666666666666666,0,1
0.2857142857142857,1,2,0.5142857142857143,0.46332046332046334,0,1,0.6978417266187049,0,0.3333333333333333,2,0
0.5510204081632653,1,2,0.38095238095238104,0.0,0,2,0.44604316546762596,1,0.75,1,1
0.7142857142857142,0,1,0.49523809523809537,0.0,0,1,0.4820143884892087,0,0.35,2,0
0.693877551020408,1,0,0.6857142857142858,0.2953667953667954,0,2,0.24460431654676257,1,0.6,2,1
0.5714285714285714,1,1,0.419047619047619,0.43243243243243246,1,1,0.7050359712230216,0,0.6666666666666666,1,0
0.510204081632653,1,0,0.4380952380952382,0.0,0,1,0.30935251798561153,0,0.3333333333333333,1,1
0.8163265306122449,1,0,0.5523809523809525,0.0,0,1,0.4820143884892087,1,0.8333333333333333,1,1
0.510204081632653,1,0,0.7047619047619048,0.0,1,2,0.553956834532374,1,0.5833333333333333,1,1
0.6530612244897958,1,2,0.580952380952381,0.61003861003861,1,2,0.42446043165467634,1,0.6166666666666667,1,1
0.693877551020408,1,1,0.48571428571428565,0.0,0,1,0.4820143884892087,0,0.35,2,0
0.6326530612244898,1,0,0.9333333333333335,0.0,1,0,0.4100719424460432,1,0.3333333333333333,1,1
0.46938775510204067,1,0,0.49523809523809537,0.42084942084942084,1,0,0.5467625899280575,0,0.35,2,0
0.6734693877551019,1,0,0.2857142857142857,0.0,1,1,0.32374100719424465,1,0.6666666666666666,0,1
0.5918367346938775,1,0,0.47619047619047616,0.6003861003861004,1,2,0.6115107913669064,1,0.6666666666666666,1,1
0.5714285714285714,1,2,0.8571428571428573,0.0,0,0,0.43165467625899284,1,0.75,1,1
0.6122448979591837,1,1,0.4380952380952382,0.0,1,1,0.33812949640287776,1,0.6666666666666666,1,1
0.8367346938775508,1,2,0.5714285714285715,0.0,1,2,0.3956834532374101,0,0.75,0,1
0.7959183673469388,1,3,0.5904761904761905,0.5212355212355212,1,1,0.44604316546762596,0,0.75,2,1
0.6122448979591837,1,0,0.38095238095238104,0.0,0,0,0.30935251798561153,1,0.5833333333333333,0,1
0.7551020408163265,1,0,0.5142857142857143,0.0,0,1,0.3525179856115109,1,0.5166666666666666,1,1
0.7142857142857142,1,1,0.561904761904762,0.4189189189189189,1,2,0.4676258992805756,1,0.5333333333333333,1,1
0.5510204081632653,1,1,0.2857142857142857,0.41312741312741313,1,2,0.8417266187050361,0,0.39999999999999997,2,0
0.5918367346938775,1,0,0.5714285714285715,0.41312741312741313,0,2,0.5827338129496402,1,0.6666666666666666,1,1
0.7551020408163265,1,3,0.5714285714285715,0.4864864864864865,0,1,0.5179856115107915,0,0.3833333333333333,2,0
0.5306122448979591,1,0,0.5333333333333333,0.4247104247104247,0,1,0.553956834532374,1,0.8333333333333333,1,1
0.8979591836734693,1,2,0.38095238095238104,0.41312741312741313,0,1,0.2805755395683453,1,0.5,1,1
0.9591836734693877,1,0,0.8571428571428573,0.3918918918918919,1,2,0.32374100719424465,0,0.3333333333333333,1,1
0.4285714285714285,1,3,0.47619047619047616,0.0,0,2,0.5899280575539567,0,0.8333333333333333,1,1
0.46938775510204067,1,2,0.5428571428571428,0.6544401544401545,0,1,0.4604316546762591,1,0.6166666666666667,1,1
0.6530612244897958,1,0,0.5904761904761905,0.416988416988417,0,1,0.33812949640287776,1,0.75,1,1
0.7346938775510203,0,0,0.5904761904761905,0.5328185328185329,0,1,0.553956834532374,1,0.5,1,1
0.6122448979591837,1,0,0.49523809523809537,0.8841698841698842,1,1,0.04316546762589929,0,0.5,0,0
0.6734693877551019,1,0,0.6285714285714287,0.46525096525096526,0,1,0.6115107913669064,1,0.8333333333333333,0,1
0.7959183673469388,1,0,0.761904761904762,0.7413127413127414,1,2,0.4820143884892087,1,0.3333333333333333,1,1
0.693877551020408,1,0,0.5238095238095238,0.5733590733590733,0,1,0.4820143884892087,1,0.5,1,1
0.7551020408163265,1,0,0.5333333333333333,0.47876447876447875,0,1,0.553956834532374,1,1.0,0,1
0.7142857142857142,1,0,0.47619047619047616,0.5945945945945946,0,1,0.539568345323741,1,0.6666666666666666,1,1
0.8367346938775508,1,0,0.5714285714285715,0.4015444015444016,0,2,0.553956834532374,1,0.6666666666666666,1,1
0.46938775510204067,1,0,0.49523809523809537,0.43822393822393824,1,2,0.539568345323741,0,0.36666666666666664,2,0
0.693877551020408,1,0,0.742857142857143,0.40540540540540543,1,1,0.3525179856115109,1,0.8333333333333333,0,1
0.5510204081632653,1,2,0.5333333333333333,0.47297297297297297,1,2,0.4892086330935252,1,0.5333333333333333,1,1
0.9591836734693877,1,0,0.5333333333333333,0.4343629343629344,0,1,0.3525179856115109,1,0.8333333333333333,1,1
0.2448979591836734,1,2,0.24761904761904774,0.46332046332046334,0,1,0.12230215827338126,1,0.3333333333333333,2,0
0.7959183673469388,1,0,0.38095238095238104,0.0,1,1,0.6258992805755395,0,0.5833333333333333,0,1
0.6122448979591837,1,0,0.2857142857142857,0.38223938223938225,0,1,0.33812949640287776,0,0.3333333333333333,1,1
0.6530612244897958,1,0,0.5333333333333333,0.3764478764478765,0,1,0.45323741007194246,0,0.3833333333333333,2,0
0.7142857142857142,1,0,0.761904761904762,0.5154440154440154,1,2,0.17985611510791372,1,0.6666666666666666,1,1
0.1428571428571428,1,2,0.4095238095238095,0.3108108108108108,0,2,0.6474820143884892,0,0.31666666666666665,2,0
0.693877551020408,1,3,0.3047619047619049,0.4980694980694981,0,2,0.6258992805755395,1,0.55,1,1
0.30612244897959184,1,0,0.4,0.0,0,1,0.4100719424460432,0,0.41666666666666663,2,1
0.7142857142857142,1,2,0.47619047619047616,0.0,1,2,0.6978417266187049,0,0.8333333333333333,1,0
0.8163265306122449,1,2,0.6666666666666666,0.3764478764478765,1,1,0.4964028776978418,0,0.3333333333333333,1,1
0.7551020408163265,1,0,0.6666666666666666,0.4536679536679537,0,1,0.4100719424460432,1,0.5833333333333333,1,1
0.40816326530612246,1,2,0.20952380952380956,0.0,1,2,0.33812949640287776,1,0.5,0,1
0.7142857142857142,1,0,0.1523809523809524,0.5888030888030888,0,2,0.4172661870503597,1,0.5,2,1
0.7346938775510203,1,0,0.47619047619047616,0.43050193050193053,0,2,0.4676258992805756,0,0.41666666666666663,1,0
0.6734693877551019,1,0,0.38095238095238104,0.5444015444015444,0,2,0.5179856115107915,1,1.0,0,1
0.44897959183673475,1,0,0.6095238095238095,0.6737451737451737,0,0,0.4100719424460432,1,0.5,2,1
0.6326530612244898,1,0,0.419047619047619,0.3088803088803089,0,1,0.3884892086330936,1,0.5,1,1
0.5510204081632653,1,0,0.6666666666666666,0.3088803088803089,0,2,0.6258992805755395,0,0.3333333333333333,2,0
0.346938775510204,1,2,0.47619047619047616,0.45559845559845563,0,1,0.5827338129496402,0,0.35,2,0
0.7551020408163265,1,0,0.6095238095238095,0.6023166023166023,0,0,0.3597122302158274,1,0.6166666666666667,1,1
0.6734693877551019,1,1,0.561904761904762,0.5463320463320464,0,1,0.5179856115107915,0,0.3833333333333333,2,0
0.4285714285714285,1,2,0.48571428571428565,0.27413127413127414,0,1,0.4604316546762591,1,0.5833333333333333,1,1
0.8979591836734693,1,0,0.6,0.40733590733590735,0,1,0.33093525179856115,1,0.5666666666666667,1,1
0.44897959183673475,1,0,0.5047619047619049,0.42084942084942084,0,1,0.4676258992805756,1,0.5166666666666666,1,1
0.7346938775510203,1,0,0.6,0.5907335907335908,1,2,0.3741007194244605,1,0.6333333333333333,1,1
0.5510204081632653,1,0,0.34285714285714286,0.3590733590733591,1,2,0.2805755395683453,0,0.3333333333333333,1,1
0.7142857142857142,1,0,0.2857142857142857,0.4864864864864865,0,2,0.553956834532374,1,0.6666666666666666,1,1
0.6326530612244898,1,0,0.4285714285714287,0.4285714285714286,0,1,0.5179856115107915,1,0.75,0,1
0.5714285714285714,1,0,0.47619047619047616,0.0,0,0,0.42446043165467634,1,0.5,1,1
0.693877551020408,1,2,0.5047619047619049,0.0,1,2,0.4028776978417266,1,0.5333333333333333,1,1
0.9387755102040816,1,0,0.6666666666666666,0.4980694980694981,1,2,0.4820143884892087,1,1.0,0,1
0.5306122448979591,1,0,0.47619047619047616,0.38996138996138996,1,1,0.3525179856115109,1,0.6666666666666666,1,1
0.5918367346938775,1,0,0.2857142857142857,0.3803088803088803,0,0,0.2661870503597123,0,0.3333333333333333,2,0
0.693877551020408,1,2,0.5523809523809525,0.3938223938223938,0,2,0.42446043165467634,1,0.5333333333333333,1,1
0.9795918367346939,1,2,0.22857142857142854,0.21814671814671815,0,0,0.4100719424460432,0,0.9166666666666665,0,1
0.5306122448979591,0,0,0.5523809523809525,0.528957528957529,0,1,0.30215827338129503,1,0.5833333333333333,1,1
0.857142857142857,1,0,0.8571428571428573,0.3706563706563707,0,2,0.4748201438848921,1,0.8333333333333333,0,1
0.6734693877551019,0,1,0.5714285714285715,0.5752895752895753,1,1,0.4100719424460432,1,0.3333333333333333,2,0
0.40816326530612246,1,0,0.49523809523809537,0.5250965250965252,0,2,0.5467625899280575,0,0.36666666666666664,2,0
0.40816326530612246,1,2,0.49523809523809537,0.4247104247104247,1,2,0.7122302158273381,0,0.3333333333333333,1,1
0.6734693877551019,1,3,0.5904761904761905,0.3861003861003861,1,2,0.2661870503597123,0,0.5833333333333333,0,1
0.7755102040816326,1,0,0.3047619047619049,0.5038610038610039,0,1,0.553956834532374,0,0.5833333333333333,2,1
0.8163265306122449,1,3,0.561904761904762,0.34942084942084944,1,2,0.5179856115107915,0,0.36666666666666664,2,0
0.5510204081632653,1,0,0.8761904761904763,0.5019305019305019,0,1,0.07194244604316552,0,0.6666666666666666,1,1
0.693877551020408,1,2,0.38095238095238104,0.4247104247104247,0,0,0.1654676258992806,0,0.3333333333333333,2,0
0.8775510204081631,1,2,0.6095238095238095,0.4266409266409267,0,1,0.32374100719424465,1,0.6333333333333333,1,1
0.9387755102040816,1,3,0.6190476190476192,0.416988416988417,1,1,0.381294964028777,1,0.6333333333333333,1,1
0.510204081632653,1,2,0.7142857142857143,0.33783783783783783,1,2,0.6978417266187049,0,0.3833333333333333,2,0
0.6122448979591837,1,2,0.6666666666666666,0.42277992277992277,0,2,0.3956834532374101,1,0.3333333333333333,1,1
0.9591836734693877,1,0,0.761904761904762,0.5984555984555985,1,1,0.3525179856115109,1,0.6666666666666666,0,0
0.5714285714285714,1,2,0.5428571428571428,0.4015444015444016,1,2,0.42446043165467634,1,0.6333333333333333,1,1
0.6122448979591837,1,2,0.5428571428571428,0.44787644787644787,0,2,0.43884892086330934,1,0.5666666666666667,1,1
0.7346938775510203,1,0,0.5142857142857143,0.5270270270270271,0,1,0.2805755395683453,1,1.0,0,1
0.5306122448979591,1,2,0.5047619047619049,0.3918918918918919,0,2,0.5323741007194245,0,0.36666666666666664,2,0
0.5306122448979591,1,1,0.49523809523809537,0.35135135135135137,0,2,0.5611510791366907,0,0.35,2,0
0.6326530612244898,1,0,0.5714285714285715,0.528957528957529,0,1,0.6546762589928057,1,0.6666666666666666,1,0
0.5510204081632653,1,0,0.5238095238095238,0.3938223938223938,1,2,0.45323741007194246,1,0.5166666666666666,1,1
0.5918367346938775,1,0,0.6095238095238095,0.5212355212355212,1,2,0.6978417266187049,1,0.6666666666666666,1,1
0.6734693877551019,1,0,0.580952380952381,0.5637065637065637,0,2,0.3741007194244605,1,0.6166666666666667,1,1
0.26530612244897955,1,0,0.6666666666666666,0.3301158301158301,0,1,0.4676258992805756,1,0.5833333333333333,1,0
0.8775510204081631,1,0,0.47619047619047616,0.4266409266409267,0,2,0.3741007194244605,1,0.3333333333333333,1,1
0.20408163265306123,1,0,0.2857142857142857,0.5579150579150579,0,1,0.30215827338129503,1,0.5833333333333333,0,1
0.5510204081632653,1,0,0.742857142857143,0.4189189189189189,0,1,0.33812949640287776,1,0.75,1,1
0.5714285714285714,1,0,0.4571428571428572,0.43050193050193053,0,2,0.4028776978417266,1,0.6666666666666666,0,1
0.8367346938775508,1,0,0.5714285714285715,0.21235521235521235,1,1,0.33093525179856115,1,0.5833333333333333,1,1
0.7346938775510203,1,0,0.6666666666666666,0.3725868725868726,0,2,0.5179856115107915,1,0.41666666666666663,1,1
0.8979591836734693,1,0,0.761904761904762,0.23745173745173745,1,0,0.4820143884892087,0,0.5833333333333333,1,1
0.8367346938775508,1,0,0.5904761904761905,0.40540540540540543,1,2,0.3525179856115109,1,0.5833333333333333,1,1
0.5714285714285714,1,0,0.5428571428571428,0.5444015444015444,1,1,0.45323741007194246,1,0.5333333333333333,1,1
0.693877551020408,1,0,0.561904761904762,0.3281853281853282,0,2,0.4100719424460432,1,0.8333333333333333,1,1
0.7959183673469388,1,0,0.6285714285714287,0.7123552123552124,0,1,0.33812949640287776,1,0.6499999999999999,1,1
0.5918367346938775,1,0,0.7238095238095238,0.333976833976834,0,0,0.4028776978417266,1,0.8333333333333333,0,1
0.8367346938775508,1,0,0.6190476190476192,0.5579150579150579,1,2,0.33812949640287776,1,0.6333333333333333,1,1
0.46938775510204067,1,0,0.48571428571428565,0.29343629343629346,1,0,0.4820143884892087,1,0.5,1,1
0.40816326530612246,1,0,0.5714285714285715,0.4015444015444016,0,1,0.6906474820143884,1,0.5833333333333333,2,1
0.8367346938775508,1,0,0.4,0.416988416988417,1,0,0.1510791366906475,1,0.3333333333333333,1,1
0.8367346938775508,1,2,0.5904761904761905,0.5231660231660232,0,0,0.45323741007194246,0,0.3833333333333333,2,0
0.7346938775510203,1,0,0.580952380952381,0.47104247104247104,1,2,0.381294964028777,1,0.5833333333333333,1,1
0.5918367346938775,1,1,0.9523809523809524,0.5501930501930502,1,2,0.4100719424460432,0,0.4666666666666667,1,1
0.510204081632653,1,0,0.419047619047619,0.4691119691119691,0,1,0.42446043165467634,1,0.6666666666666666,1,1
0.18367346938775508,1,2,0.36190476190476184,0.46332046332046334,0,0,0.7338129496402879,0,0.5,1,0
0.7959183673469388,1,0,0.5714285714285715,0.42277992277992277,0,2,0.42446043165467634,1,0.6666666666666666,1,1
0.9387755102040816,1,2,0.5714285714285715,0.45752895752895756,1,1,0.22302158273381295,0,0.3333333333333333,1,1
0.7142857142857142,1,1,0.5333333333333333,0.31853281853281856,0,2,0.5035971223021583,0,0.36666666666666664,2,0
0.6122448979591837,1,0,0.19047619047619047,0.4111969111969112,0,2,0.33812949640287776,0,0.3333333333333333,2,0
0.7346938775510203,1,0,0.47619047619047616,0.4980694980694981,1,0,0.4820143884892087,0,0.3333333333333333,1,1
0.6122448979591837,1,0,0.761904761904762,0.4942084942084942,1,0,0.3597122302158274,1,0.5,2,1
0.6530612244897958,1,0,0.47619047619047616,0.3590733590733591,1,0,0.553956834532374,1,0.41666666666666663,1,1
0.5918367346938775,1,0,0.4,0.5096525096525096,0,0,0.2661870503597123,0,0.3333333333333333,1,1
0.5510204081632653,1,2,0.5047619047619049,0.35714285714285715,0,2,0.525179856115108,0,0.36666666666666664,2,0
0.5510204081632653,1,0,0.38095238095238104,0.4362934362934363,0,0,0.4604316546762591,1,0.6166666666666667,0,1
0.5714285714285714,1,0,0.47619047619047616,0.3918918918918919,1,1,0.2517985611510792,0,0.5833333333333333,1,1
0.5918367346938775,1,0,0.47619047619047616,0.39961389961389965,0,2,0.23741007194244607,1,0.5,1,0
0.6734693877551019,1,2,0.5714285714285715,0.5482625482625483,0,1,0.43165467625899284,1,0.55,1,1
0.6734693877551019,1,2,0.38095238095238104,0.6505791505791506,0,1,0.2517985611510792,1,0.3333333333333333,1,1
0.9387755102040816,1,0,0.7142857142857143,0.5984555984555985,0,1,0.3525179856115109,1,0.5833333333333333,0,1
0.8163265306122449,1,2,0.5142857142857143,0.49034749034749037,1,1,0.6330935251798562,1,0.3333333333333333,2,0
0.46938775510204067,0,0,0.3238095238095239,0.4980694980694981,1,0,0.23741007194244607,0,0.5,2,0
0.693877551020408,1,0,0.761904761904762,0.49034749034749037,1,2,0.32374100719424465,1,0.8333333333333333,1,1
0.510204081632653,1,0,0.6095238095238095,0.5791505791505792,1,2,0.4676258992805756,1,0.5833333333333333,1,1
0.693877551020408,1,0,0.742857142857143,0.3281853281853282,0,2,0.539568345323741,1,0.3333333333333333,1,1
0.36734693877551017,1,0,0.5142857142857143,0.5984555984555985,0,1,0.45323741007194246,0,0.3333333333333333,1,1
0.5306122448979591,0,0,0.4476190476190477,0.6428571428571429,1,2,0.6546762589928057,0,0.3333333333333333,1,1
0.693877551020408,1,3,0.5238095238095238,0.26833976833976836,0,2,0.5323741007194245,0,0.36666666666666664,2,0
0.5510204081632653,1,0,0.4,0.43050193050193053,1,2,0.2661870503597123,0,0.3333333333333333,1,1
0.6122448979591837,1,0,0.5714285714285715,0.7432432432432433,1,0,0.5179856115107915,0,0.3833333333333333,2,0
0.693877551020408,1,1,0.38095238095238104,0.49034749034749037,0,0,0.21582733812949645,1,0.3333333333333333,1,1
0.857142857142857,1,0,0.47619047619047616,0.6216216216216216,0,0,0.33093525179856115,0,0.7333333333333333,1,1
0.5918367346938775,1,1,0.419047619047619,0.5038610038610039,0,1,0.5611510791366907,0,0.3833333333333333,2,1
0.7346938775510203,1,0,0.4571428571428572,0.5077220077220077,0,1,0.30215827338129503,1,0.36666666666666664,1,0
0.9387755102040816,0,1,0.38095238095238104,0.5193050193050193,0,0,0.4172661870503597,1,0.36666666666666664,2,0
0.7551020408163265,1,0,0.38095238095238104,0.3416988416988417,0,1,0.553956834532374,0,0.39999999999999997,2,0
0.5714285714285714,1,2,0.47619047619047616,0.4942084942084942,1,0,0.5683453237410072,1,0.4333333333333333,1,1
0.6326530612244898,1,0,0.2857142857142857,0.4613899613899614,0,0,0.5683453237410072,1,0.5333333333333333,1,1
0.6530612244897958,1,0,0.5714285714285715,0.5656370656370656,0,0,0.7697841726618706,0,0.5333333333333333,1,1
0.7142857142857142,0,0,0.6666666666666666,0.7857142857142857,0,0,0.6546762589928057,0,1.0,1,1
0.6326530612244898,1,0,0.5238095238095238,0.4517374517374517,0,1,0.7050359712230216,0,0.41666666666666663,1,0
0.510204081632653,1,0,0.5904761904761905,0.4362934362934363,0,0,0.34532374100719426,1,0.3333333333333333,2,0
0.3265306122448979,1,2,0.5714285714285715,0.4536679536679537,0,0,0.8417266187050361,0,0.3333333333333333,2,0
0.6734693877551019,1,3,0.5142857142857143,0.4517374517374517,0,1,0.5899280575539567,0,0.7666666666666666,1,1
0.5918367346938775,0,0,0.4571428571428572,0.584942084942085,0,0,0.6906474820143884,0,0.3333333333333333,2,0
0.8775510204081631,0,0,0.3047619047619049,0.2876447876447876,0,1,0.44604316546762596,0,0.6,1,0
0.36734693877551017,1,0,0.5714285714285715,0.6003861003861004,0,1,0.4100719424460432,1,0.6333333333333333,1,1
0.510204081632653,1,0,0.5714285714285715,0.3918918918918919,1,0,0.6618705035971222,1,0.8499999999999999,0,1
0.7346938775510203,1,3,0.2857142857142857,0.40733590733590735,0,0,0.5827338129496402,1,0.6333333333333333,1,0
0.2448979591836734,1,3,0.5714285714285715,0.3841698841698842,0,1,0.8273381294964028,1,0.5666666666666667,2,0
0.7959183673469388,1,0,0.38095238095238104,0.4420849420849421,0,0,0.4748201438848921,1,0.7666666666666666,1,1
0.40816326530612246,1,1,0.47619047619047616,0.47297297297297297,0,0,0.8417266187050361,0,0.36666666666666664,1,0
0.30612244897959184,1,0,0.33333333333333337,0.584942084942085,0,1,0.8489208633093526,0,0.5333333333333333,1,0
0.3877551020408163,1,0,0.3047619047619049,0.3938223938223938,0,1,0.5755395683453237,0,0.35,2,0
0.5306122448979591,0,1,0.49523809523809537,0.555984555984556,1,0,0.6906474820143884,1,0.3333333333333333,2,0
0.40816326530612246,0,2,0.47619047619047616,0.5308880308880309,0,1,0.5467625899280575,0,0.36666666666666664,2,0
0.36734693877551017,0,0,0.5523809523809525,0.4691119691119691,0,0,0.6402877697841727,1,0.3333333333333333,1,0
0.46938775510204067,0,2,0.38095238095238104,0.5694980694980695,0,0,0.6762589928057554,0,0.4333333333333333,2,0
0.6122448979591837,1,2,0.3047619047619049,0.444015444015444,0,0,0.7338129496402879,0,0.75,1,1
0.8775510204081631,0,2,0.2857142857142857,0.5115830115830116,1,0,0.4820143884892087,0,0.3333333333333333,2,0
0.5918367346938775,1,2,0.4571428571428572,0.4420849420849421,0,0,0.6258992805755395,0,0.39999999999999997,1,1
0.7755102040816326,1,0,0.761904761904762,0.44015444015444016,0,0,0.539568345323741,0,0.7166666666666666,2,0
0.18367346938775508,0,2,0.38095238095238104,0.41505791505791506,0,1,0.7697841726618706,0,0.3333333333333333,2,0
0.6326530612244898,1,0,0.8571428571428573,0.6293436293436293,0,0,0.553956834532374,1,0.8999999999999999,0,1
0.44897959183673475,1,0,0.6095238095238095,0.3861003861003861,0,0,0.45323741007194246,1,0.4833333333333333,1,1
0.40816326530612246,1,0,0.47619047619047616,0.4942084942084942,1,0,0.6258992805755395,1,0.3333333333333333,2,1
0.6734693877551019,1,0,0.5714285714285715,0.39961389961389965,0,0,0.539568345323741,1,0.6499999999999999,2,1
0.6326530612244898,1,3,0.761904761904762,0.5270270270270271,0,0,0.44604316546762596,0,0.3333333333333333,2,1
0.2857142857142857,1,2,0.47619047619047616,0.3474903474903475,0,1,0.6258992805755395,0,0.3333333333333333,2,0
0.40816326530612246,1,0,0.4,0.4285714285714286,0,0,0.8848920863309353,0,0.3333333333333333,2,0
0.2448979591836734,1,0,0.6857142857142858,0.43050193050193053,0,1,0.8489208633093526,0,0.3333333333333333,2,1
0.693877551020408,0,0,0.419047619047619,0.4034749034749035,0,1,0.7194244604316546,0,0.3333333333333333,2,0
0.3265306122448979,1,2,0.47619047619047616,0.4498069498069498,0,1,0.8345323741007193,1,0.39999999999999997,2,0
0.36734693877551017,1,1,0.20000000000000007,0.3803088803088803,1,1,0.6690647482014389,0,0.3333333333333333,2,0
0.6326530612244898,1,2,0.4380952380952382,0.42084942084942084,1,1,0.5107913669064748,0,0.7,1,1
0.6122448979591837,1,2,0.5714285714285715,0.40733590733590735,1,0,0.7338129496402879,0,0.3333333333333333,2,0
0.4285714285714285,1,2,0.36190476190476184,0.2876447876447876,0,0,0.45323741007194246,0,0.4666666666666667,2,1
0.3265306122448979,1,0,0.2857142857142857,0.3803088803088803,0,0,0.8201438848920863,0,0.3333333333333333,2,1
0.7755102040816326,1,1,0.761904761904762,0.4749034749034749,0,1,0.4100719424460432,1,0.3333333333333333,1,1
0.7551020408163265,0,0,0.6666666666666666,0.4343629343629344,0,0,0.3669064748201439,0,0.5,1,1
0.2857142857142857,1,0,0.5333333333333333,0.6081081081081081,0,1,0.44604316546762596,1,0.6333333333333333,1,1
0.4897959183673468,1,1,0.4571428571428572,0.39575289575289574,1,1,0.8705035971223021,0,0.3333333333333333,2,0
0.7551020408163265,0,2,0.5714285714285715,0.8050193050193051,1,0,0.6762589928057554,0,0.4666666666666667,2,0
0.7142857142857142,0,1,0.5714285714285715,0.3764478764478765,0,1,0.8345323741007193,0,0.3333333333333333,2,0
0.346938775510204,0,1,0.47619047619047616,0.4517374517374517,0,0,0.8057553956834533,0,0.4333333333333333,1,0
0.26530612244897955,0,1,0.23809523809523803,0.38223938223938225,0,1,0.7553956834532374,0,0.3333333333333333,2,0
0.6734693877551019,1,0,0.5523809523809525,0.3204633204633205,0,0,0.44604316546762596,1,0.9333333333333333,1,1
0.6530612244897958,0,2,0.38095238095238104,0.34362934362934366,1,1,0.23741007194244607,0,0.3333333333333333,2,0
0.6326530612244898,0,0,0.8952380952380953,0.48069498069498073,0,1,0.5755395683453237,1,0.3333333333333333,1,1
0.693877551020408,1,1,0.38095238095238104,0.5424710424710425,0,0,0.2877697841726619,0,0.5666666666666667,1,1
0.5918367346938775,1,2,0.6666666666666666,0.24324324324324326,1,1,0.7913669064748201,0,0.36666666666666664,2,0
0.46938775510204067,0,0,0.47619047619047616,0.5888030888030888,0,1,0.5683453237410072,1,0.5333333333333333,1,1
0.3265306122448979,1,2,0.38095238095238104,0.4362934362934363,0,1,0.7625899280575539,0,0.3333333333333333,2,0
0.6530612244897958,0,3,0.6666666666666666,0.46332046332046334,0,1,0.7769784172661871,0,0.4833333333333333,2,0
0.7142857142857142,1,3,0.6190476190476192,0.4498069498069498,1,0,0.6258992805755395,0,0.7166666666666666,0,0
0.5918367346938775,1,0,0.6666666666666666,0.5328185328185329,0,0,0.3525179856115109,1,0.4333333333333333,1,1
0.46938775510204067,1,0,0.5714285714285715,0.5038610038610039,0,0,0.8848920863309353,1,0.3333333333333333,2,0
0.6122448979591837,0,1,0.5333333333333333,0.6158301158301158,1,0,0.6402877697841727,0,0.3333333333333333,2,1
0.3265306122448979,0,2,0.36190476190476184,0.4671814671814672,0,1,0.618705035971223,0,0.3833333333333333,1,0
0.3877551020408163,1,2,0.2666666666666667,0.4691119691119691,0,1,0.6402877697841727,0,0.3333333333333333,2,1
0.6734693877551019,1,0,0.38095238095238104,0.5019305019305019,0,1,0.553956834532374,1,0.9333333333333333,1,1
0.5918367346938775,0,0,0.38095238095238104,0.6833976833976834,0,1,0.7194244604316546,1,0.4333333333333333,2,0
0.857142857142857,1,1,0.7238095238095238,0.47297297297297297,0,0,0.5755395683453237,0,0.3333333333333333,2,0
0.9795918367346939,0,2,0.5714285714285715,0.3803088803088803,0,2,0.381294964028777,0,0.5166666666666666,1,0
0.7959183673469388,0,0,0.24761904761904774,0.43050193050193053,0,1,0.5683453237410072,0,0.3833333333333333,2,0
0.346938775510204,1,0,0.5904761904761905,0.5965250965250966,0,0,0.60431654676259,1,0.3333333333333333,1,1
0.346938775510204,1,0,0.22857142857142854,0.4015444015444016,0,0,0.6115107913669064,1,0.8333333333333333,1,0
0.22448979591836726,0,2,0.1333333333333333,0.3841698841698842,0,1,0.8345323741007193,0,0.3333333333333333,2,0
0.2857142857142857,0,2,0.38095238095238104,0.4034749034749035,0,1,0.7913669064748201,0,0.3333333333333333,1,0
0.5714285714285714,1,1,0.38095238095238104,0.45559845559845563,0,1,0.8273381294964028,0,0.4666666666666667,2,0
0.6122448979591837,1,0,0.6285714285714287,0.42084942084942084,0,1,0.30215827338129503,0,0.6666666666666666,1,1
0.1428571428571428,1,0,0.38095238095238104,0.38223938223938225,0,1,0.4820143884892087,1,0.6,1,1
0.6122448979591837,1,0,0.6666666666666666,0.5212355212355212,0,0,0.34532374100719426,1,0.4666666666666667,2,1
0.26530612244897955,1,2,0.47619047619047616,0.41312741312741313,0,0,0.7553956834532374,0,0.6666666666666666,1,0
0.5918367346938775,1,0,0.2857142857142857,0.38803088803088803,0,1,0.45323741007194246,1,0.5833333333333333,1,0
0.2857142857142857,1,3,0.6476190476190476,0.47104247104247104,0,0,0.8273381294964028,0,0.4666666666666667,2,0
0.693877551020408,1,1,0.4571428571428572,0.4015444015444016,1,0,0.553956834532374,0,0.3333333333333333,2,0
0.26530612244897955,0,1,0.4380952380952382,0.5907335907335908,0,1,0.7194244604316546,0,0.3333333333333333,2,0
0.44897959183673475,1,0,0.6666666666666666,0.4691119691119691,0,0,0.4676258992805756,0,0.7666666666666666,1,1
0.6326530612244898,1,1,0.5714285714285715,0.4266409266409267,0,1,0.7266187050359711,1,0.3333333333333333,2,0
0.6734693877551019,0,0,0.47619047619047616,0.6370656370656371,0,0,0.7625899280575539,0,0.3333333333333333,2,1
0.5306122448979591,1,0,0.419047619047619,0.5135135135135135,0,0,0.33093525179856115,1,0.7,1,1
0.5306122448979591,1,0,0.2857142857142857,0.39768339768339767,0,0,0.32374100719424465,1,0.3333333333333333,1,1
0.4897959183673468,1,0,0.4285714285714287,0.4092664092664093,0,1,0.7553956834532374,0,0.5,2,1
0.3877551020408163,1,0,0.2857142857142857,0.5308880308880309,0,0,0.3956834532374101,1,0.5,1,1
0.7755102040816326,1,0,0.38095238095238104,0.5830115830115831,0,0,0.6330935251798562,0,0.39999999999999997,1,0
0.6122448979591837,1,0,0.19047619047619047,0.4517374517374517,0,1,0.6690647482014389,0,0.35,2,1
0.7346938775510203,0,2,0.5714285714285715,0.6042471042471043,0,1,0.5035971223021583,0,0.36666666666666664,2,0
0.44897959183673475,0,1,0.38095238095238104,0.47104247104247104,0,1,0.7122302158273381,0,0.5166666666666666,2,0
0.3265306122448979,0,2,0.2666666666666667,0.2722007722007722,0,1,0.8057553956834533,0,0.4333333333333333,1,0
0.7959183673469388,1,0,0.38095238095238104,0.45752895752895756,0,1,0.057553956834532405,0,0.5,1,1
0.4285714285714285,0,0,0.47619047619047616,0.5193050193050193,0,1,0.7194244604316546,0,0.3333333333333333,2,0
0.5918367346938775,1,0,0.8095238095238096,0.5579150579150579,1,0,0.43884892086330934,0,0.5,1,1
0.7142857142857142,1,0,0.47619047619047616,0.49034749034749037,0,0,0.60431654676259,0,0.5666666666666667,1,1
0.40816326530612246,1,0,0.419047619047619,0.528957528957529,0,0,0.7410071942446044,0,0.41666666666666663,1,1
0.46938775510204067,1,2,0.19047619047619047,0.4285714285714286,0,1,0.5755395683453237,1,0.5333333333333333,1,0
0.6530612244897958,0,0,0.6666666666666666,0.4980694980694981,0,0,0.6762589928057554,0,0.7666666666666666,1,1
0.6326530612244898,1,0,0.5714285714285715,0.3416988416988417,0,1,0.7122302158273381,1,0.3333333333333333,2,1
0.346938775510204,0,1,0.3047619047619049,0.3088803088803089,0,1,0.539568345323741,0,0.3333333333333333,1,0
0.5510204081632653,0,0,0.9523809523809524,0.6312741312741312,0,2,0.3884892086330936,1,0.8999999999999999,1,1
0.26530612244897955,1,1,0.2857142857142857,0.4536679536679537,0,1,0.6474820143884892,0,0.3333333333333333,2,0
0.6530612244897958,0,0,0.742857142857143,0.5888030888030888,0,0,0.7050359712230216,0,0.3333333333333333,2,1
0.5306122448979591,0,2,0.5238095238095238,0.5868725868725869,1,1,0.7697841726618706,0,0.3333333333333333,2,0
0.2857142857142857,1,1,0.38095238095238104,0.5694980694980695,0,1,0.7122302158273381,0,0.3333333333333333,2,0
0.4285714285714285,0,1,0.5142857142857143,0.5231660231660232,0,1,0.7122302158273381,0,0.3333333333333333,1,0
0.36734693877551017,1,0,0.38095238095238104,0.48069498069498073,0,0,0.5827338129496402,0,0.4666666666666667,2,1
0.7755102040816326,0,3,0.6666666666666666,0.4362934362934363,0,1,0.3669064748201439,0,0.7666666666666666,0,0
0.5714285714285714,1,0,0.47619047619047616,0.5463320463320464,1,0,0.2877697841726619,1,0.6,0,1
0.4285714285714285,1,2,0.38095238095238104,0.36293436293436293,0,1,0.5467625899280575,0,0.6666666666666666,1,1
0.5306122448979591,1,0,0.4,0.5521235521235521,0,0,0.381294964028777,1,0.8666666666666667,1,1
0.5918367346938775,1,0,0.6857142857142858,0.528957528957529,0,1,0.17985611510791372,1,0.5333333333333333,1,1
0.7551020408163265,0,2,0.761904761904762,0.694980694980695,0,0,0.6330935251798562,0,0.4666666666666667,2,0
0.5306122448979591,1,2,0.4285714285714287,0.5270270270270271,0,0,0.6402877697841727,0,0.41666666666666663,0,0
0.5306122448979591,0,2,0.761904761904762,0.38803088803088803,0,1,0.7194244604316546,0,0.3333333333333333,2,0
0.693877551020408,1,0,0.38095238095238104,0.5154440154440154,0,1,0.2589928057553957,1,0.6333333333333333,1,1
0.4897959183673468,0,2,0.5333333333333333,0.3783783783783784,0,0,0.7625899280575539,0,0.35,1,0
0.4897959183673468,1,1,0.5142857142857143,0.38803088803088803,0,1,0.6834532374100719,0,0.4666666666666667,2,0
0.6530612244897958,1,0,0.35238095238095235,0.444015444015444,1,1,0.6978417266187049,1,0.5666666666666667,2,1
0.7142857142857142,0,0,0.2666666666666667,0.5193050193050193,0,1,0.7625899280575539,1,0.6333333333333333,1,1
0.7755102040816326,1,0,0.3047619047619049,0.4092664092664093,0,0,0.4964028776978418,1,0.35,2,1
0.2857142857142857,1,0,0.5714285714285715,0.4362934362934363,0,1,0.8273381294964028,0,0.3333333333333333,2,0
0.7346938775510203,1,0,0.38095238095238104,0.4749034749034749,0,0,0.23741007194244607,1,0.7,0,1
0.5306122448979591,1,2,0.6666666666666666,0.44787644787644787,0,0,0.7338129496402879,0,0.6,2,0
0.36734693877551017,0,2,0.5904761904761905,0.3416988416988417,0,0,0.6978417266187049,1,0.5666666666666667,0,0
0.7959183673469388,0,2,0.6857142857142858,0.5347490347490348,0,1,0.7841726618705036,0,0.3333333333333333,2,0
0.5714285714285714,1,0,0.4285714285714287,0.48069498069498073,1,0,0.5827338129496402,1,0.5333333333333333,1,1
0.12244897959183676,0,1,0.36190476190476184,0.40540540540540543,0,1,0.9280575539568345,0,0.44999999999999996,2,0
0.5918367346938775,1,0,0.49523809523809537,0.39961389961389965,0,1,0.7553956834532374,1,0.3333333333333333,2,0
0.7346938775510203,1,0,0.6190476190476192,0.4092664092664093,0,0,0.4964028776978418,0,0.6666666666666666,1,1
0.6326530612244898,1,0,0.5523809523809525,0.5231660231660232,0,0,0.8561151079136691,0,0.3333333333333333,2,0
0.44897959183673475,1,2,0.5714285714285715,0.4498069498069498,0,1,0.7194244604316546,0,0.4333333333333333,1,1
0.46938775510204067,1,3,0.4285714285714287,0.4111969111969112,0,0,0.44604316546762596,1,0.5666666666666667,2,0
0.510204081632653,1,0,0.4095238095238095,0.5444015444015444,0,1,0.23021582733812956,1,0.6666666666666666,1,1
0.4897959183673468,1,0,0.3047619047619049,0.444015444015444,0,1,0.6978417266187049,0,0.3333333333333333,2,1
0.2448979591836734,1,0,0.2857142857142857,0.3223938223938224,0,0,0.3669064748201439,1,0.6666666666666666,1,1
0.6122448979591837,1,2,0.49523809523809537,0.43243243243243246,0,0,0.7913669064748201,0,0.8666666666666667,2,1
0.26530612244897955,0,2,0.3047619047619049,0.5173745173745173,0,0,0.7841726618705036,1,0.3333333333333333,2,0
0.26530612244897955,1,2,0.3047619047619049,0.48262548262548266,0,1,0.8345323741007193,0,0.3333333333333333,2,0
0.44897959183673475,0,2,0.38095238095238104,0.42277992277992277,0,1,0.6834532374100719,0,0.6,1,0
0.5306122448979591,0,2,0.2666666666666667,0.5154440154440154,0,0,0.7482014388489209,0,0.3333333333333333,2,0
0.7346938775510203,0,0,0.47619047619047616,0.584942084942085,0,1,0.42446043165467634,0,0.6666666666666666,1,0
0.46938775510204067,0,2,0.47619047619047616,0.4942084942084942,0,0,0.618705035971223,0,0.41666666666666663,2,0
0.36734693877551017,0,1,0.23809523809523803,0.3938223938223938,0,1,0.7841726618705036,0,0.3333333333333333,2,0
0.346938775510204,1,1,0.4571428571428572,0.5945945945945946,0,0,0.7697841726618706,0,0.3333333333333333,2,0
0.5714285714285714,1,3,0.38095238095238104,0.3725868725868726,0,0,0.7122302158273381,0,0.6499999999999999,1,0
0.7755102040816326,0,0,0.9333333333333335,0.44015444015444016,1,1,0.7338129496402879,1,0.5,1,1
0.20408163265306123,1,3,0.38095238095238104,0.44594594594594594,0,1,0.8561151079136691,1,0.9666666666666666,1,1
0.693877551020408,0,0,0.6666666666666666,0.47104247104247104,0,1,0.6546762589928057,1,0.5666666666666667,1,1
0.5510204081632653,1,1,0.47619047619047616,0.5057915057915058,0,1,0.6618705035971222,0,0.3333333333333333,2,0
0.6122448979591837,1,0,0.4571428571428572,0.5,0,0,0.4820143884892087,1,0.8333333333333333,1,1
0.30612244897959184,1,0,0.2857142857142857,0.40733590733590735,0,1,0.7050359712230216,0,0.3333333333333333,2,0
0.7346938775510203,0,0,0.9523809523809524,0.6274131274131274,0,1,0.6546762589928057,1,0.3333333333333333,2,0
0.44897959183673475,0,0,0.2857142857142857,0.49034749034749037,0,0,0.6906474820143884,0,0.3333333333333333,2,0
0.510204081632653,1,2,0.47619047619047616,0.3803088803088803,1,0,0.6402877697841727,0,0.5333333333333333,0,0
0.346938775510204,0,0,0.5523809523809525,0.45559845559845563,0,0,0.6402877697841727,1,0.36666666666666664,1,0
0.7551020408163265,1,3,0.5523809523809525,0.5444015444015444,1,0,0.7985611510791366,0,0.5666666666666667,1,1
0.8367346938775508,1,3,0.761904761904762,0.4517374517374517,1,0,0.4892086330935252,0,0.35,1,0
0.8367346938775508,1,2,0.5714285714285715,0.49034749034749037,0,0,0.5971223021582734,0,0.6666666666666666,1,1
0.7959183673469388,1,0,0.19047619047619047,0.5772200772200773,0,0,0.44604316546762596,1,0.4833333333333333,1,1
0.8163265306122449,0,2,0.38095238095238104,0.40733590733590735,0,0,0.3741007194244605,0,0.5833333333333333,1,0
0.12244897959183676,1,3,0.36190476190476184,0.35135135135135137,0,0,0.7985611510791366,0,0.3333333333333333,2,0
0.693877551020408,0,0,0.5523809523809525,0.5675675675675675,1,1,0.30935251798561153,0,0.6499999999999999,1,1
0.36734693877551017,1,2,0.6666666666666666,0.44594594594594594,0,1,0.60431654676259,0,0.9333333333333333,1,1
0.7959183673469388,1,0,0.4285714285714287,0.49034749034749037,1,1,0.7194244604316546,0,0.36666666666666664,1,1
0.44897959183673475,1,2,0.4666666666666667,0.3783783783783784,0,1,0.7194244604316546,0,0.3333333333333333,2,0
0.2857142857142857,1,2,0.38095238095238104,0.46332046332046334,1,1,0.9424460431654675,0,0.4666666666666667,0,0
0.5714285714285714,0,0,0.5142857142857143,0.7895752895752896,0,0,0.6258992805755395,1,0.6499999999999999,1,1
0.26530612244897955,1,0,0.2857142857142857,0.33204633204633205,0,0,0.6834532374100719,0,0.3333333333333333,2,1
0.2857142857142857,0,0,0.20952380952380956,0.5115830115830116,0,0,0.42446043165467634,0,0.4333333333333333,1,0
0.510204081632653,1,2,0.47619047619047616,0.4749034749034749,1,0,0.7913669064748201,0,0.3333333333333333,2,0
0.30612244897959184,1,2,0.47619047619047616,0.6081081081081081,0,1,0.7122302158273381,0,0.6499999999999999,2,0
0.5714285714285714,1,0,0.49523809523809537,0.3552123552123552,0,0,0.30215827338129503,1,0.6833333333333333,1,1
0.4897959183673468,1,0,0.2666666666666667,0.4498069498069498,1,1,0.60431654676259,0,0.35,2,0
0.693877551020408,0,0,0.5714285714285715,0.7606177606177607,0,0,0.6762589928057554,0,0.5333333333333333,1,0
0.857142857142857,1,2,0.761904761904762,0.5193050193050193,0,1,0.3525179856115109,1,0.8166666666666667,1,1
0.5306122448979591,1,0,0.5714285714285715,0.4613899613899614,0,1,0.6978417266187049,0,0.5333333333333333,2,0
0.857142857142857,1,0,0.6190476190476192,0.3359073359073359,0,1,0.44604316546762596,1,0.7666666666666666,0,1
0.5306122448979591,1,1,0.2666666666666667,0.5965250965250966,0,1,0.6690647482014389,0,0.3333333333333333,2,0
0.1428571428571428,1,0,0.4380952380952382,0.5444015444015444,0,0,0.6690647482014389,1,0.3333333333333333,2,1
0.40816326530612246,1,2,0.419047619047619,0.4922779922779923,1,1,0.8057553956834533,0,0.3333333333333333,2,0
0.5510204081632653,0,1,0.5238095238095238,0.48262548262548266,0,0,0.7050359712230216,0,0.5666666666666667,1,0
0.6122448979591837,0,0,0.19047619047619047,0.47876447876447875,0,0,0.42446043165467634,0,0.5,1,0
0.5306122448979591,0,2,0.2857142857142857,0.41312741312741313,0,1,0.6834532374100719,0,0.6,1,0
0.8367346938775508,0,3,0.5714285714285715,0.4613899613899614,0,1,0.6330935251798562,0,0.6333333333333333,2,0
1.0,1,0,0.4285714285714287,0.5868725868725869,0,0,0.7122302158273381,1,0.3333333333333333,2,1
0.8163265306122449,1,2,0.36190476190476184,0.5347490347490348,0,1,0.6330935251798562,0,0.5,2,0
0.6122448979591837,1,0,0.4285714285714287,0.5791505791505792,0,0,0.7769784172661871,0,0.3333333333333333,2,1
0.6530612244897958,1,0,0.4285714285714287,0.4980694980694981,0,0,0.5611510791366907,1,0.7999999999999999,1,1
0.46938775510204067,1,0,0.5714285714285715,0.5772200772200773,0,1,0.7913669064748201,1,0.6,2,1
0.5510204081632653,1,0,0.761904761904762,0.5579150579150579,0,0,0.5899280575539567,1,0.4666666666666667,1,1
0.4897959183673468,1,3,0.6857142857142858,0.5752895752895753,1,1,0.8273381294964028,0,0.5333333333333333,1,0
0.6530612244897958,0,2,0.20952380952380956,0.6138996138996139,0,1,0.6978417266187049,0,0.3333333333333333,2,0
0.6122448979591837,1,2,0.23809523809523803,0.46332046332046334,0,0,0.6546762589928057,1,0.4333333333333333,1,0
0.7346938775510203,1,2,0.4285714285714287,0.5965250965250966,0,1,0.4892086330935252,1,0.6333333333333333,1,1
0.18367346938775508,1,2,0.47619047619047616,0.48262548262548266,0,1,0.8920863309352518,0,0.9166666666666665,0,0
0.6326530612244898,1,3,0.8571428571428573,0.555984555984556,0,0,0.6906474820143884,0,0.36666666666666664,1,1
0.46938775510204067,1,2,0.4285714285714287,0.47297297297297297,1,0,0.7410071942446044,0,0.7333333333333333,1,0
0.30612244897959184,0,2,0.4,0.4111969111969112,0,1,0.7338129496402879,0,0.36666666666666664,1,0
0.6122448979591837,1,0,0.4571428571428572,0.416988416988417,0,0,0.4892086330935252,1,0.7,1,1
0.020408163265306145,1,1,0.47619047619047616,0.3938223938223938,0,0,1.0,0,0.3333333333333333,2,0
0.26530612244897955,0,1,0.47619047619047616,0.3938223938223938,0,0,0.7841726618705036,0,0.5666666666666667,2,0
0.7142857142857142,0,2,0.5238095238095238,0.4864864864864865,0,0,0.7841726618705036,0,0.3333333333333333,2,0
0.46938775510204067,1,2,0.1333333333333333,0.43822393822393824,0,1,0.6546762589928057,1,0.3333333333333333,2,0
0.5306122448979591,1,2,0.38095238095238104,0.4980694980694981,0,0,0.60431654676259,0,0.39999999999999997,1,0
0.3265306122448979,1,1,0.38095238095238104,0.4247104247104247,0,1,0.7697841726618706,0,0.3333333333333333,2,0
0.5306122448979591,1,0,0.2857142857142857,0.4613899613899614,0,1,0.45323741007194246,1,0.7999999999999999,1,1
0.7551020408163265,1,0,0.5238095238095238,0.49034749034749037,0,0,0.4604316546762591,0,0.7999999999999999,1,1
0.5918367346938775,1,2,0.6666666666666666,0.32432432432432434,0,1,0.7985611510791366,0,0.6,2,0
0.7142857142857142,1,0,0.47619047619047616,0.6370656370656371,1,0,0.4964028776978418,1,0.6333333333333333,2,1
0.1428571428571428,0,0,0.5523809523809525,0.3532818532818533,0,1,0.8561151079136691,0,0.5666666666666667,2,0
0.26530612244897955,1,1,0.5238095238095238,0.3918918918918919,0,1,0.4964028776978418,0,0.3333333333333333,1,0
0.693877551020408,0,2,0.47619047619047616,0.5077220077220077,0,1,0.24460431654676257,0,0.5333333333333333,1,1
0.30612244897959184,0,0,0.49523809523809537,0.6583011583011583,1,0,0.525179856115108,1,0.8333333333333333,1,1
0.6122448979591837,0,3,0.6666666666666666,0.5463320463320464,1,0,0.7122302158273381,0,0.5,2,0
0.4897959183673468,1,3,0.36190476190476184,0.3590733590733591,0,0,0.9136690647482015,0,0.3333333333333333,1,0
0.6734693877551019,0,0,0.6190476190476192,0.5926640926640927,0,0,0.5971223021582734,1,0.5,1,1
0.22448979591836726,1,0,0.36190476190476184,0.42277992277992277,0,1,0.553956834532374,0,0.5333333333333333,1,1
0.346938775510204,1,0,0.33333333333333337,0.5019305019305019,0,0,0.8776978417266188,0,0.3333333333333333,2,0
0.4897959183673468,1,0,0.4571428571428572,0.4922779922779923,0,1,0.7050359712230216,1,0.3333333333333333,2,1
0.693877551020408,1,2,0.47619047619047616,0.44594594594594594,0,1,0.5971223021582734,0,0.6333333333333333,1,0
0.510204081632653,0,0,0.5523809523809525,0.4517374517374517,0,0,0.6978417266187049,0,0.3333333333333333,2,0
0.30612244897959184,1,0,0.38095238095238104,0.3416988416988417,0,0,0.4100719424460432,1,0.75,1,1
0.3877551020408163,1,2,0.5523809523809525,0.49613899613899615,0,0,0.6690647482014389,0,0.3333333333333333,2,0
0.4897959183673468,1,1,0.38095238095238104,0.6274131274131274,0,1,0.7841726618705036,0,0.36666666666666664,2,0
0.8163265306122449,1,2,0.9523809523809524,0.528957528957529,1,0,0.6258992805755395,1,0.6,1,1
0.22448979591836726,1,2,0.5714285714285715,0.6196911196911197,0,0,0.8561151079136691,0,0.3333333333333333,2,0
0.510204081632653,0,0,0.47619047619047616,0.5096525096525096,0,0,0.5755395683453237,0,0.39999999999999997,1,0
0.693877551020408,0,0,0.5714285714285715,0.5173745173745173,0,0,0.6978417266187049,0,0.9333333333333333,0,1
0.46938775510204067,0,2,0.5714285714285715,0.5945945945945946,0,0,0.5683453237410072,0,0.5833333333333333,2,0
0.6530612244897958,1,0,0.47619047619047616,0.48841698841698844,0,1,0.5827338129496402,1,0.5666666666666667,2,1
0.7551020408163265,1,0,0.2857142857142857,0.47876447876447875,0,0,0.6834532374100719,0,0.4333333333333333,2,1
0.7551020408163265,0,2,0.7142857142857143,0.5193050193050193,0,1,0.6115107913669064,0,0.4666666666666667,2,0
0.6530612244897958,1,2,0.5714285714285715,0.35714285714285715,0,0,0.6618705035971222,0,0.8333333333333333,1,1
0.6530612244897958,1,0,0.6190476190476192,0.5444015444015444,0,0,0.5683453237410072,1,0.7999999999999999,1,1
0.5306122448979591,1,0,0.38095238095238104,0.36293436293436293,0,1,0.3597122302158274,0,0.5666666666666667,1,1
0.3265306122448979,1,1,0.47619047619047616,0.42277992277992277,0,0,0.8992805755395683,0,0.3333333333333333,2,0
0.3265306122448979,1,0,0.3047619047619049,0.5598455598455598,0,0,0.6474820143884892,0,0.3333333333333333,2,1
0.46938775510204067,1,2,0.2857142857142857,0.33783783783783783,0,1,0.43165467625899284,0,0.4333333333333333,2,0
0.6326530612244898,1,2,0.6666666666666666,0.4092664092664093,1,1,0.6762589928057554,0,0.6,2,0
0.8775510204081631,0,1,0.761904761904762,0.5830115830115831,0,1,0.7122302158273381,0,0.39999999999999997,2,0
0.6734693877551019,1,2,0.6666666666666666,0.4691119691119691,1,1,0.5323741007194245,1,0.5,1,0
0.5510204081632653,1,0,0.49523809523809537,0.6814671814671814,0,1,0.4964028776978418,1,0.5333333333333333,1,1
0.7346938775510203,1,2,0.5714285714285715,0.6467181467181468,0,1,0.6834532374100719,0,0.3333333333333333,2,1
0.30612244897959184,1,0,0.6666666666666666,0.4768339768339768,0,1,0.7769784172661871,0,0.5833333333333333,2,0
0.6122448979591837,0,2,0.38095238095238104,0.6563706563706564,0,1,0.7841726618705036,0,0.3333333333333333,2,0
0.6530612244897958,1,0,0.47619047619047616,0.39768339768339767,0,0,0.4964028776978418,1,0.7333333333333333,1,1
0.6122448979591837,1,1,0.38095238095238104,0.5482625482625483,0,0,0.6978417266187049,0,0.6333333333333333,1,1
0.4285714285714285,1,1,0.47619047619047616,0.5135135135135135,0,1,0.7769784172661871,0,0.4333333333333333,2,0
0.40816326530612246,1,1,0.2857142857142857,0.4420849420849421,0,1,0.7553956834532374,0,0.5,0,1
0.4897959183673468,1,2,0.8761904761904763,0.3841698841698842,1,1,0.7122302158273381,0,0.41666666666666663,2,0
0.3265306122448979,1,1,0.38095238095238104,0.5077220077220077,0,1,0.7913669064748201,0,0.3333333333333333,2,0
0.5714285714285714,0,1,0.5714285714285715,0.5675675675675675,0,0,0.6474820143884892,0,0.55,1,0
0.5918367346938775,1,0,0.5714285714285715,0.3706563706563707,0,1,0.6115107913669064,0,0.39999999999999997,1,0
0.7959183673469388,1,0,0.761904761904762,0.5521235521235521,0,0,0.32374100719424465,1,0.5833333333333333,1,1
0.510204081632653,0,2,0.4571428571428572,0.416988416988417,0,0,0.3741007194244605,0,0.3333333333333333,2,0
0.4897959183673468,1,2,0.5523809523809525,0.43050193050193053,0,1,0.7625899280575539,0,0.3333333333333333,2,0
0.30612244897959184,1,0,0.49523809523809537,0.4768339768339768,1,0,0.5755395683453237,1,0.35,1,1
0.4897959183673468,1,0,0.4571428571428572,0.3938223938223938,1,1,0.6690647482014389,1,0.5,1,1
0.6326530612244898,1,3,0.5142857142857143,0.3938223938223938,0,1,0.7122302158273381,0,0.4666666666666667,2,1
0.7346938775510203,1,3,0.8571428571428573,0.43822393822393824,0,0,0.6618705035971222,0,0.4333333333333333,1,0
0.7755102040816326,0,2,0.6285714285714287,0.5366795366795367,0,0,0.6402877697841727,0,0.3333333333333333,1,0
0.22448979591836726,0,2,0.5523809523809525,0.4247104247104247,0,1,0.6402877697841727,0,0.3333333333333333,1,0
0.5918367346938775,1,1,0.7047619047619048,0.44787644787644787,0,0,0.7266187050359711,0,0.3333333333333333,2,1
0.6122448979591837,0,0,0.47619047619047616,0.3803088803088803,0,1,0.4892086330935252,0,0.4333333333333333,1,0
0.5918367346938775,1,0,0.2857142857142857,0.6467181467181468,0,1,0.5755395683453237,1,0.8333333333333333,1,1
0.3877551020408163,1,2,0.47619047619047616,0.48841698841698844,0,1,0.8345323741007193,0,0.3333333333333333,2,0
0.5510204081632653,0,0,0.4571428571428572,0.39575289575289574,0,2,0.4820143884892087,1,0.6666666666666666,1,1
0.1428571428571428,1,1,0.4,0.3706563706563707,0,1,0.7985611510791366,0,0.3333333333333333,2,0
0.6734693877551019,1,0,0.6476190476190476,0.3918918918918919,0,1,0.7050359712230216,0,0.3333333333333333,2,1
0.6122448979591837,0,0,0.8571428571428573,0.4343629343629344,1,0,0.5971223021582734,1,0.7999999999999999,1,1
0.6122448979591837,1,1,0.4285714285714287,0.4247104247104247,0,1,0.5827338129496402,0,0.39999999999999997,1,0
0.5714285714285714,1,1,0.47619047619047616,0.4266409266409267,0,0,0.7194244604316546,0,0.3333333333333333,2,0
0.5714285714285714,1,1,0.38095238095238104,0.46332046332046334,0,1,0.7625899280575539,0,0.3333333333333333,0,0
0.7959183673469388,1,2,0.6857142857142858,0.4092664092664093,0,0,0.6258992805755395,0,0.4666666666666667,1,1
0.5510204081632653,0,1,0.49523809523809537,0.6602316602316602,0,1,0.7410071942446044,0,0.5333333333333333,2,0
0.3265306122448979,1,0,0.38095238095238104,0.32625482625482627,0,1,0.5827338129496402,1,0.7999999999999999,0,1
0.7142857142857142,1,0,0.5714285714285715,0.361003861003861,0,0,0.5827338129496402,1,1.0,2,1
0.7142857142857142,0,0,0.419047619047619,0.3803088803088803,0,1,0.525179856115108,1,0.3333333333333333,1,1
0.26530612244897955,1,1,0.38095238095238104,0.3030888030888031,0,1,0.8561151079136691,0,0.3333333333333333,2,0
0.6326530612244898,1,0,0.8000000000000002,0.33976833976833976,1,0,0.19424460431654683,0,0.5,1,1
0.5918367346938775,0,0,0.5714285714285715,0.46525096525096526,0,1,0.43165467625899284,1,0.36666666666666664,1,1
0.346938775510204,1,3,0.2857142857142857,0.5096525096525096,0,1,0.4964028776978418,0,0.5333333333333333,1,1
0.8163265306122449,1,0,0.6095238095238095,0.3725868725868726,1,1,0.5611510791366907,0,0.8999999999999999,1,1
0.5918367346938775,1,0,0.47619047619047616,0.2528957528957529,0,1,0.3741007194244605,1,0.5333333333333333,1,1
0.5918367346938775,0,1,0.47619047619047616,0.45559845559845563,0,0,0.7985611510791366,0,0.3333333333333333,1,1
0.20408163265306123,1,2,0.5523809523809525,0.33783783783783783,0,1,0.7913669064748201,0,0.3333333333333333,2,0
